-- phpMyAdmin SQL Dump
-- version 4.9.0.1
-- https://www.phpmyadmin.net/
--
-- Hôte : localhost
-- Généré le :  lun. 04 mai 2020 à 16:15
-- Version du serveur :  10.4.12-MariaDB-1:10.4.12+maria~buster
-- Version de PHP :  7.4.5

SET SQL_MODE = "NO_AUTO_VALUE_ON_ZERO";
SET AUTOCOMMIT = 0;
START TRANSACTION;
SET time_zone = "+00:00";


/*!40101 SET @OLD_CHARACTER_SET_CLIENT=@@CHARACTER_SET_CLIENT */;
/*!40101 SET @OLD_CHARACTER_SET_RESULTS=@@CHARACTER_SET_RESULTS */;
/*!40101 SET @OLD_COLLATION_CONNECTION=@@COLLATION_CONNECTION */;
/*!40101 SET NAMES utf8mb4 */;

--
-- Base de données :  `mvc`
--

-- --------------------------------------------------------

--
-- Structure de la table `abonnement`
--

CREATE TABLE `abonnement` (
  `idAbonnement` int(11) NOT NULL,
  `dateAchat` date NOT NULL,
  `dateFin` date NOT NULL,
  `idUtilisateur` int(11) NOT NULL
) ENGINE=InnoDB DEFAULT CHARSET=utf8;

--
-- Déchargement des données de la table `abonnement`
--

INSERT INTO `abonnement` (`idAbonnement`, `dateAchat`, `dateFin`, `idUtilisateur`) VALUES
(31, '2020-04-23', '2021-04-23', 4),
(32, '2020-04-24', '2022-04-24', 8);

-- --------------------------------------------------------

--
-- Structure de la table `commentaires`
--

CREATE TABLE `commentaires` (
  `idCommentaire` int(11) NOT NULL,
  `redacteurCommentaire` varchar(40) NOT NULL,
  `contenuCommentaire` text NOT NULL,
  `dateCommentaire` date NOT NULL DEFAULT current_timestamp()
) ENGINE=InnoDB DEFAULT CHARSET=utf8mb4;

--
-- Déchargement des données de la table `commentaires`
--

INSERT INTO `commentaires` (`idCommentaire`, `redacteurCommentaire`, `contenuCommentaire`, `dateCommentaire`) VALUES
(137, 'Yannis', 'Ceci est un commentaire pour la salle de musculation', '2020-05-01'),
(138, 'Yannis', 'Ceci est un autre commentaire pour la salle de sport', '2020-05-01');

-- --------------------------------------------------------

--
-- Structure de la table `mvc_inscrit`
--

CREATE TABLE `mvc_inscrit` (
  `idInscrit` int(11) NOT NULL,
  `mail` text NOT NULL
) ENGINE=InnoDB DEFAULT CHARSET=utf8mb4;

--
-- Déchargement des données de la table `mvc_inscrit`
--

INSERT INTO `mvc_inscrit` (`idInscrit`, `mail`) VALUES
(36, 'yannis.teissier70@gmail.com'),
(41, 'guillaumecharton39@gmail.com'),
(228, 'celian.tp@orange.fr');

-- --------------------------------------------------------

--
-- Structure de la table `rubrique`
--

CREATE TABLE `rubrique` (
  `idRubrique` int(11) NOT NULL,
  `titre` varchar(50) COLLATE utf8mb4_unicode_ci NOT NULL,
  `texteHtml` text COLLATE utf8mb4_unicode_ci DEFAULT NULL
) ENGINE=InnoDB DEFAULT CHARSET=utf8mb4 COLLATE=utf8mb4_unicode_ci;

--
-- Déchargement des données de la table `rubrique`
--

INSERT INTO `rubrique` (`idRubrique`, `titre`, `texteHtml`) VALUES
(24, 'Entrainements', '<div class=\"card\">\r\n<div class=\"card-header\"><code>Liste des entrainements</code></div>\r\n</div>\r\n<div class=\"form-check\"><input name=\"idRubrique\" type=\"hidden\" value=\"24\" /></div>\r\n<div class=\"form-check\"><input name=\"idRubrique\" type=\"hidden\" value=\"24\" /></div>\r\n<div class=\"form-check\"><input name=\"idRubrique\" type=\"hidden\" value=\"24\" /></div>\r\n<div class=\"form-check\"><input name=\"idRubrique\" type=\"hidden\" value=\"24\" /></div>\r\n<div class=\"form-check\"><input name=\"idRubrique\" type=\"hidden\" value=\"24\" /></div>\r\n<div class=\"form-check\"><input name=\"idRubrique\" type=\"hidden\" value=\"24\" /></div>'),
(25, 'Nutrition', '<p>Nutrition et alimentation pour la musculation</p>\r\n            \r\n            <div class=\"form-check\">\r\n                <input type=\"hidden\" name=\"idRubrique\" value=\"25\">\r\n            \r\n            </div>');

-- --------------------------------------------------------

--
-- Structure de la table `sousRubrique`
--

CREATE TABLE `sousRubrique` (
  `idSousRubrique` int(11) NOT NULL,
  `idRubrique` int(11) NOT NULL,
  `titre` varchar(50) COLLATE utf8mb4_unicode_ci NOT NULL,
  `texteHtml` text COLLATE utf8mb4_unicode_ci NOT NULL
) ENGINE=InnoDB DEFAULT CHARSET=utf8mb4 COLLATE=utf8mb4_unicode_ci;

--
-- Déchargement des données de la table `sousRubrique`
--

INSERT INTO `sousRubrique` (`idSousRubrique`, `idRubrique`, `titre`, `texteHtml`) VALUES
(14, 24, 'Débutant', '<div style=\"text-align: justify;\">&nbsp;</div>\r\n<div class=\"card\">\r\n<div class=\"card-header\" style=\"text-align: center;\"><strong>Entrainement </strong><strong>&nbsp;1</strong></div>\r\n<div class=\"card-body\">\r\n<h5 class=\"card-title\" style=\"text-align: justify;\"><span style=\"font-family: Arial;\">Programme</span></h5>\r\n<p style=\"text-align: justify;\">&nbsp;</p>\r\n<ul style=\"padding: 0px 0px 0px 20px; margin-top: 11px; margin-bottom: 0px; font-family: Arial, verdana; font-size: medium;\">\r\n<li style=\"text-align: justify; font-family: Arial, sans-serif, Verdana; font-size: 14px; margin: 0px; padding: 2px 2px 2px 12px; list-style-type: none; background-image: url(;\"><u>D&eacute;velopp&eacute; couch&eacute;</u> : 4*12 (4 s&eacute;ries de 12 r&eacute;p&eacute;titions) - <em>Pectoraux, &eacute;paules, triceps</em>.</li>\r\n<li style=\"text-align: justify; font-family: Arial, sans-serif, Verdana; font-size: 14px; margin: 0px; padding: 2px 2px 2px 12px; list-style-type: none; background-image: url(;\"><u>Tractions</u>&nbsp;(ou tirage devant) : 4*12 -&nbsp;<em>Dorsaux, biceps</em>.</li>\r\n<li style=\"text-align: justify; font-family: Arial, sans-serif, Verdana; font-size: 14px; margin: 0px; padding: 2px 2px 2px 12px; list-style-type: none; background-image: url(;\"><u>D&eacute;velopp&eacute; halt&egrave;res</u>&nbsp;: 4*12 -&nbsp;<em>Epaules, triceps</em>.</li>\r\n<li style=\"text-align: justify; font-family: Arial, sans-serif, Verdana; font-size: 14px; margin: 0px; padding: 2px 2px 2px 12px; list-style-type: none; background-image: url(;\"><u>Squat</u> barre nuque (ou presse &agrave; cuisses) : 4*12 - <em>Cuisses et fessiers.</em></li>\r\n<li style=\"text-align: justify; font-family: Arial, sans-serif, Verdana; font-size: 14px; margin: 0px; padding: 2px 2px 2px 12px; list-style-type: none; background-image: url(;\"><u>Crunch</u>&nbsp;au sol : 4*10<em>&nbsp;+</em>&nbsp;<u>Planche</u>&nbsp;3*1 minute -&nbsp;<em>Abdominaux</em></li>\r\n<li style=\"text-align: justify; font-family: Arial, sans-serif, Verdana; font-size: 14px; margin: 0px; padding: 2px 2px 2px 12px; list-style-type: none; background-image: url(;\"><u>Banc lombaires</u>&nbsp;3*1 min -&nbsp;<em>Lombaires</em></li>\r\n<li style=\"text-align: justify; font-family: Arial, sans-serif, Verdana; font-size: 14px; margin: 0px; padding: 2px 2px 2px 12px; list-style-type: none; background-image: url(;\"><em>&nbsp;</em></li>\r\n</ul>\r\n</div>\r\n</div>\r\n<p>&nbsp;</p>\r\n<div style=\"text-align: justify;\">&nbsp;</div>\r\n<div class=\"card\">\r\n<div class=\"card-header\" style=\"text-align: center;\"><strong> Entrainement 2</strong></div>\r\n<div class=\"card-body\">\r\n<h5 class=\"card-title\" style=\"text-align: justify;\"><span style=\"font-family: Arial;\">Programme</span></h5>\r\n<p style=\"text-align: justify;\">&nbsp;</p>\r\n<ul style=\"padding: 0px 0px 0px 20px; margin-top: 11px; margin-bottom: 0px; font-family: Arial, verdana; font-size: medium;\">\r\n<li style=\"font-family: Arial, sans-serif, Verdana; font-size: 14px; text-align: left; margin: 0px; padding: 2px 2px 2px 12px; list-style-type: none; background-image: url(;\"><u style=\"text-align: justify;\">D&eacute;velopp&eacute; couch&eacute;</u><span style=\"text-align: justify;\"> </span>: 4*12 -&nbsp;<em>Pectoraux, &iuml;&iquest;&frac12;paules, triceps</em>.</li>\r\n<li style=\"font-family: Arial, sans-serif, Verdana; font-size: 14px; text-align: left; margin: 0px; padding: 2px 2px 2px 12px; list-style-type: none; background-image: url(;\"><u>Tractions</u>&nbsp;: 4*12 -&nbsp;<em>Dorsaux, biceps</em>.</li>\r\n<li style=\"font-family: Arial, sans-serif, Verdana; font-size: 14px; text-align: left; margin: 0px; padding: 2px 2px 2px 12px; list-style-type: none; background-image: url(;\"><u><u style=\"text-align: justify;\">D&eacute;velopp&eacute;</u>&nbsp;vertical</u>&nbsp;: 4*12 -&nbsp;<em>Epaules, triceps</em>.</li>\r\n<li style=\"font-family: Arial, sans-serif, Verdana; font-size: 14px; text-align: left; margin: 0px; padding: 2px 2px 2px 12px; list-style-type: none; background-image: url(;\"><u>Curl barre</u>&nbsp;: 3*10 -&nbsp;<em>Biceps.</em></li>\r\n<li style=\"font-family: Arial, sans-serif, Verdana; font-size: 14px; text-align: left; margin: 0px; padding: 2px 2px 2px 12px; list-style-type: none; background-image: url(;\"><u>Barre front</u>&nbsp;: 3*10 -&nbsp;<em>Triceps.</em></li>\r\n<li style=\"font-family: Arial, sans-serif, Verdana; font-size: 14px; text-align: left; margin: 0px; padding: 2px 2px 2px 12px; list-style-type: none; background-image: url(;\"><u>Squat</u>&nbsp;barre nuque (ou presse &iuml;&iquest;&frac12; cuisses) : 4*12 -&nbsp;<em>Cuisses et fessiers.</em></li>\r\n<li style=\"font-family: Arial, sans-serif, Verdana; font-size: 14px; text-align: left; margin: 0px; padding: 2px 2px 2px 12px; list-style-type: none; background-image: url(;\"><u>Crunch</u>&nbsp;au sol : 4*10<em>&nbsp;+</em>&nbsp;<u>Planche</u>&nbsp;3*1 minute -&nbsp;<em>Abdominaux</em></li>\r\n<li style=\"font-family: Arial, sans-serif, Verdana; font-size: 14px; text-align: left; margin: 0px; padding: 2px 2px 2px 12px; list-style-type: none; background-image: url(;\"><u>Banc lombaires</u>&nbsp;3*1 min -&nbsp;<em>Lombaires</em></li>\r\n<li style=\"text-align: justify; font-family: Arial, sans-serif, Verdana; font-size: 14px; margin: 0px; padding: 2px 2px 2px 12px; list-style-type: none; background-image: url(;\">&nbsp;</li>\r\n</ul>\r\n</div>\r\n</div>\r\n<div style=\"text-align: justify;\">&nbsp;</div>');
INSERT INTO `sousRubrique` (`idSousRubrique`, `idRubrique`, `titre`, `texteHtml`) VALUES
(15, 24, 'Avancé', '<div style=\"text-align: justify;\"><span style=\"font-family: Arial;\">﻿</span><br></div><div class=\"card\">\r\n  <div class=\"card-header\" style=\"text-align: center;\"><b>\r\n    Westside 4 Skinny Bastard</b></div>\r\n  <div class=\"card-body\">\r\n    <h5 class=\"card-title\" style=\"text-align: justify;\"><p style=\"font-family: arial; font-size: 14px; line-height: 21px; text-align: left; margin-right: 0px; margin-bottom: 0px; margin-left: 0px; padding-top: 16px; padding-bottom: 6px;\">Vous avez probablement entendu parler du Westside, le Gym de Louie Simmons. Destiné principalement aux powerlifteurs, les programmes du Westside restent très exigeant (trop ?) et ne sont certainement pas destinés aux athlètes débutants et/ou ayant à laisser de la place dans leur programmation pour les séances de développement des qualités techniques et énergétiques.</p><p style=\"font-family: arial; font-size: 14px; line-height: 21px; text-align: left; margin-right: 0px; margin-bottom: 0px; margin-left: 0px; padding-top: 16px; padding-bottom: 6px;\"><strong>Joe DeFranco</strong>&nbsp;propose donc une adaptation du Westside sous le doux nom du&nbsp;<strong>« Westside for Skinny Bastard »</strong>. Ce programme est à mon sens idéal pour des sports tel que le rugby, le football américain et certains sports de combats lors d’une courte période de préparation où il faut, parfois en peu de temps, développer masse musculaire, force et puissance.<br>Je vais donc ici simplement retranscrire pour vous comment DeFranco voit ce programme d’entraînement. Je donnerai simplement mon opinion et les modifications que j’y apporterai.</p></h5><h2 style=\"font-family: BebasNeueregular, verdana; font-size: 22px; margin-right: 0px; margin-bottom: -2px; margin-left: 0px; padding-top: 24px; line-height: 22px; letter-spacing: 1px; text-align: left;\">Programme DeFranco</h2><h5 class=\"card-title\" style=\"text-align: justify;\"><p style=\"font-family: arial; font-size: 14px; line-height: 21px; text-align: left; margin-right: 0px; margin-bottom: 0px; margin-left: 0px; padding-top: 16px; padding-bottom: 6px;\"><strong>Lundi :</strong>&nbsp;Force max haut du corps<br><strong>Mardi :</strong>&nbsp;Efforts dynamiques bas du corps<br><strong>Mercredi :</strong>&nbsp;Repos<br><strong>Jeudi :</strong>&nbsp;Force endurante haut du corps<br><strong>Vendredi :</strong>&nbsp;Force max bas du corps<br><strong>Samedi :</strong>&nbsp;Repos<br><strong>Dimanche :</strong>&nbsp;Repos.</p></h5><h2 style=\"font-family: BebasNeueregular, verdana; font-size: 22px; margin-right: 0px; margin-bottom: -2px; margin-left: 0px; padding-top: 24px; line-height: 22px; letter-spacing: 1px; text-align: left;\">Force max haut du corps</h2><h5 class=\"card-title\" style=\"text-align: justify;\"><ul style=\"padding: 0px 0px 0px 20px; margin-top: 11px; margin-bottom: 0px; font-family: Arial, verdana; font-size: medium; text-align: center;\"><li style=\"font-family: Arial, sans-serif, Verdana; font-size: 14px; text-align: left; margin: 0px; padding: 2px 2px 2px 12px; list-style-type: none; background-image: url(\" ..=\"\" images=\"\" pt.gif\");=\"\" background-repeat:=\"\" no-repeat;=\"\" background-position:=\"\" 0px=\"\" 5px;=\"\" line-height:=\"\" 21px;\"=\"\"><strong>Exercice de poussé</strong>&nbsp;(développé couché, développé couché avec chaînes, élastiques, développé incliné, développé décliné…). Pyramide ascendante pour un maxi à 3RM&nbsp;ou 5RM.<br></li><li style=\"font-family: Arial, sans-serif, Verdana; font-size: 14px; text-align: left; margin: 0px; padding: 2px 2px 2px 12px; list-style-type: none; background-image: url(\" ..=\"\" images=\"\" pt.gif\");=\"\" background-repeat:=\"\" no-repeat;=\"\" background-position:=\"\" 0px=\"\" 5px;=\"\" line-height:=\"\" 21px;\"=\"\"><strong>Exercice similaire au premier</strong>&nbsp;(développé couché aux haltères, pompes lestées, etc…). 2 séries du maximum de répétitions (charge permettant d’en faire entre 10 et 15 lors de la première série). Repos : 3 à 4 minutes entre les séries.</li><li style=\"font-family: Arial, sans-serif, Verdana; font-size: 14px; text-align: left; margin: 0px; padding: 2px 2px 2px 12px; list-style-type: none; background-image: url(\" ..=\"\" images=\"\" pt.gif\");=\"\" background-repeat:=\"\" no-repeat;=\"\" background-position:=\"\" 0px=\"\" 5px;=\"\" line-height:=\"\" 21px;\"=\"\"><strong>Tirage horizontal</strong>&nbsp;(rowing barre, rowing haltères, rowing T-bar…) enchaîné avec travail du haut du dos (band pull aparts, scarecrows, oiseau…). 3 ou 4 séries de 8-12 reps en superset.</li><li style=\"font-family: Arial, sans-serif, Verdana; font-size: 14px; text-align: left; margin: 0px; padding: 2px 2px 2px 12px; list-style-type: none; background-image: url(\" ..=\"\" images=\"\" pt.gif\");=\"\" background-repeat:=\"\" no-repeat;=\"\" background-position:=\"\" 0px=\"\" 5px;=\"\" line-height:=\"\" 21px;\"=\"\"><strong>Trapèzes</strong>&nbsp;(shrugs barre, shrugs haltères…). 3 ou 4 séries de 8-15 reps.</li><li style=\"font-family: Arial, sans-serif, Verdana; font-size: 14px; text-align: left; margin: 0px; padding: 2px 2px 2px 12px; list-style-type: none; background-image: url(\" ..=\"\" images=\"\" pt.gif\");=\"\" background-repeat:=\"\" no-repeat;=\"\" background-position:=\"\" 0px=\"\" 5px;=\"\" line-height:=\"\" 21px;\"=\"\"><strong>Flexion de bras</strong>&nbsp;(curl haltère, curl incliné, curl marteau…). 3 ou 4 séries de 8-15 répétitions.</li></ul><p style=\"font-family: arial; font-size: 14px; line-height: 21px; text-align: left; margin-right: 0px; margin-bottom: 0px; margin-left: 0px; padding-top: 16px; padding-bottom: 6px;\">La force maximale est placée en début de semaine pour travailler sur un système nerveux frais. Inutile de dire qu’une montée progressive des charges doit être de rigueur pour arriver à son 3RM ou 5RM.</p><div class=\"boxintext\" style=\"margin: 12px auto 4px; padding: 3px 12px 12px; background-color: rgb(243, 243, 243); border-radius: 5px; border: 1px solid rgb(170, 170, 170); font-family: Arial, verdana; font-size: medium; text-align: center;\"><p style=\"font-family: arial; font-size: 14px; line-height: 21px; text-align: left; margin-right: 0px; margin-bottom: 0px; margin-left: 0px; padding-top: 16px; padding-bottom: 6px;\">Un exemple, si l’on vise 3 x 100 kg au développé couché à la trap barre :<br>- Série 1 : 5 x 45 kg<br>- Série 2 : 5 x 57 kg<br>- Série 3 : 3 x 72 kg<br>- Série 4 : 3 x 87 kg<br>- Série 5 : 3 x 94 kg<br>- Série 6 : 3 x 100 kg</p></div><p style=\"font-family: arial; font-size: 14px; line-height: 21px; text-align: left; margin-right: 0px; margin-bottom: 0px; margin-left: 0px; padding-top: 16px; padding-bottom: 6px;\">Attention cette pyramide n’est pas figée. Certains auront besoin d’augmenter plus progressivement la charge, avec plus de séries, d’autres auront besoin de nettement moins de séries. Par expérience vous saurez le nombre de séries qui vous convient.</p><p style=\"font-family: arial; font-size: 14px; line-height: 21px; text-align: left; margin-right: 0px; margin-bottom: 0px; margin-left: 0px; padding-top: 16px; padding-bottom: 6px;\">Il faut chaque semaine essayer de battre son record. C’est pourquoi le cycle ne peut se poursuivre éternellement, il est conseillé de changer de mouvement, en passant par exemple sur un mouvement partiel, toutes les 2 à 3 semaines pour « délester » le système nerveux.</p><p style=\"font-family: arial; font-size: 14px; line-height: 21px; text-align: left; margin-right: 0px; margin-bottom: 0px; margin-left: 0px; padding-top: 16px; padding-bottom: 6px;\">Le travail du haut du corps fait en&nbsp;superset&nbsp;avec l’exercice de tirage se concentre sur les muscles profonds du haut du dos (rhomboïdes, coiffe des rotateurs). Ces muscles doivent avoir la force nécessaire pour stabiliser la ceinture scapulaire lors de poussée violente (raffut en rugby, poussé en football US, frappe au volley ball, direct en boxe…).</p><p style=\"font-family: arial; font-size: 14px; line-height: 21px; text-align: left; margin-right: 0px; margin-bottom: 0px; margin-left: 0px; padding-top: 16px; padding-bottom: 6px;\"></p><p style=\"font-family: arial; font-size: 14px; line-height: 21px; text-align: left; margin-right: 0px; margin-bottom: 0px; margin-left: 0px; padding-top: 16px; padding-bottom: 6px;\"></p><p style=\"font-family: arial; font-size: 14px; line-height: 21px; text-align: left; margin-right: 0px; margin-bottom: 0px; margin-left: 0px; padding-top: 16px; padding-bottom: 6px;\"><span class=\"black\"><i>Application personnelle</i></span><br>Lorsqu’on me connait, on sait que j’aime particulièrement&nbsp;<strong>mélanger du travail&nbsp;</strong>avec charge avec du travail à poids de corps ou aux élastiques. Aussi en deuxième exercice, je placerai un mouvement athlétique selon les capacités de l’athlète (pompes un bras,&nbsp;dips&nbsp;aux anneaux…). Dès que&nbsp;<strong>20% de répétitions</strong>&nbsp;en plus ont pu être effectué par rapport à la première séance, je conseille&nbsp;<strong>d’alourdir la charge</strong>&nbsp;(ou durcir le mouvement). Le tirage horizontal peut aussi être remplacé par un exercice de traction horizontal aux sangles, ou sur barre.</p><p style=\"font-family: arial; font-size: 14px; line-height: 21px; text-align: left; margin-right: 0px; margin-bottom: 0px; margin-left: 0px; padding-top: 16px; padding-bottom: 6px;\">En premier exercice, des mouvements athlétiques aux anneaux (muscle-up&nbsp;aux anneaux) peuvent être envisagés si la pratique sportive y trouve un intérêt, que les compétitions sont éloignées ou que du matériel fait défaut. Auquel cas, on peut envisager une pyramide où l’on délesterai de moins en moins le mouvement, en utilisant des élastiques de différentes résistances.</p><img src=\"http://www.musculaction.com/images/programme-skinny-bastard-3.jpg\" width=\"560\" height=\"335\" class=\"img note-float-left\" style=\"border-width: 0px; text-align: center; margin-top: 14px; margin-bottom: 0px; font-family: Arial, verdana; font-size: medium; float: left;\"><span style=\"font-family: Arial, verdana; font-size: medium; text-align: center;\"></span></h5><h2 style=\"font-family: BebasNeueregular, verdana; font-size: 22px; margin-right: 0px; margin-bottom: -2px; margin-left: 0px; padding-top: 24px; line-height: 22px; letter-spacing: 1px; text-align: left;\">&nbsp; &nbsp;Efforts dynamiques bas du corps</h2><h5 class=\"card-title\" style=\"text-align: justify;\"><ul style=\"padding: 0px 0px 0px 20px; margin-top: 11px; margin-bottom: 0px; font-family: Arial, verdana; font-size: medium; text-align: center;\"><li style=\"font-family: Arial, sans-serif, Verdana; font-size: 14px; text-align: left; margin: 0px; padding: 2px 2px 2px 12px; list-style-type: none; background-image: url(\" ..=\"\" images=\"\" pt.gif\");=\"\" background-repeat:=\"\" no-repeat;=\"\" background-position:=\"\" 0px=\"\" 5px;=\"\" line-height:=\"\" 21px;\"=\"\"><strong>&nbsp; &nbsp; &nbsp; &nbsp;Sauts</strong>&nbsp;(box jump, squat jump, sauts horizontaux, drop jump…). 5 à 8 séries de 1 à 3 répétitions.</li><li style=\"font-family: Arial, sans-serif, Verdana; font-size: 14px; text-align: left; margin: 0px; padding: 2px 2px 2px 12px; list-style-type: none; background-image: url(\" ..=\"\" images=\"\" pt.gif\");=\"\" background-repeat:=\"\" no-repeat;=\"\" background-position:=\"\" 0px=\"\" 5px;=\"\" line-height:=\"\" 21px;\"=\"\"><strong>&nbsp; &nbsp; &nbsp; &nbsp;Mouvement unilatéral</strong>&nbsp;(squat une jambe, squat lunges…). 2 à 3 séries de 8-10 répétitions.</li><li style=\"font-family: Arial, sans-serif, Verdana; font-size: 14px; text-align: left; margin: 0px; padding: 2px 2px 2px 12px; list-style-type: none; background-image: url(\" ..=\"\" images=\"\" pt.gif\");=\"\" background-repeat:=\"\" no-repeat;=\"\" background-position:=\"\" 0px=\"\" 5px;=\"\" line-height:=\"\" 21px;\"=\"\"><strong>&nbsp; &nbsp; &nbsp; &nbsp; Extension de hanches</strong>&nbsp;(good morning, soulevé de terre jambes tendues…). 3 séries de 8-12 répétitions.</li><li style=\"font-family: Arial, sans-serif, Verdana; font-size: 14px; text-align: left; margin: 0px; padding: 2px 2px 2px 12px; list-style-type: none; background-image: url(\" ..=\"\" images=\"\" pt.gif\");=\"\" background-repeat:=\"\" no-repeat;=\"\" background-position:=\"\" 0px=\"\" 5px;=\"\" line-height:=\"\" 21px;\"=\"\"><strong>&nbsp; &nbsp; &nbsp; &nbsp; Abdominaux lestés</strong>&nbsp;(crunch&nbsp;lestés…). 4 séries de 10-15 répétitions.</li></ul><p style=\"font-family: arial; font-size: 14px; line-height: 21px; text-align: left; margin-right: 0px; margin-bottom: 0px; margin-left: 0px; padding-top: 16px; padding-bottom: 6px;\">&nbsp; &nbsp; &nbsp; &nbsp; Le « dynamic-effort lower body » était absent de la première version du WS4SB. On cherche ici un&nbsp;<strong>développement de la puissance, de l’explosivité</strong>&nbsp;en plus d’un renforcement musculaire. Deux&nbsp; &nbsp; &nbsp; &nbsp; &nbsp; &nbsp; &nbsp; séances de force maximale pour les membres inférieurs auraient été trop traumatisantes, s’ajoutant à la pratique sportive et aux séances de travail énergétique (souvent de la course à pied).</p></h5><h3 style=\"font-family: BebasNeueregular, verdana; font-size: 19px; letter-spacing: 1px; text-transform: uppercase; margin: 21px 0px 0px; padding-left: 10px; line-height: 14px; text-align: left; background: url(\" ..=\"\" images=\"\" fleche2.gif\")=\"\" left=\"\" -1px=\"\" no-repeat;\"=\"\">&nbsp; &nbsp; APPLICATION PERSONNELLE</h3><h5 class=\"card-title\" style=\"text-align: justify;\"><p style=\"font-family: arial; font-size: 14px; line-height: 21px; text-align: left; margin-right: 0px; margin-bottom: 0px; margin-left: 0px; padding-top: 16px; padding-bottom: 6px;\">&nbsp; &nbsp; &nbsp; &nbsp;C’est selon moi une très bonne chose qu’une séance de la sorte ait été intégrée au programme. Elle permet de vite initier le sportif au travail de puissance et de l’explosivité qui va la plupart du temps&nbsp; &nbsp; &nbsp; &nbsp; &nbsp; &nbsp;le suivre tout au long de sa saison. On peut ici commencer pour de jeunes pratiquants à enseigner une bonne posture sur des mouvements de pliométrie basse.<br>&nbsp; &nbsp; &nbsp; &nbsp;Pour le&nbsp;<strong>mouvement unilatéral</strong>, je me concentrerai également sur des mouvements à poids de corps (maitrise du squat à une jambe)&nbsp;<strong>facilement transférable à l’activité sportive.</strong></p><p style=\"font-family: arial; font-size: 14px; line-height: 21px; text-align: left; margin-right: 0px; margin-bottom: 0px; margin-left: 0px; padding-top: 16px; padding-bottom: 6px;\">&nbsp; &nbsp; &nbsp; &nbsp;Enfin, je remplacerai personnellement les abdominaux lestés par du travail de gainage dynamique, équilibrant ainsi la charnière dorsaux lombaire. Pour cela, peuvent être pratiqué du gainage dynamique sur Swiss Ball, au sol, avec partenaire, avec élastiques ou bien, plus avancé, des mouvements de gainage aux anneaux ou barre fixe (front lever, back lever…). Le travail de gainage aux anneaux, demandant une qualité d’exécution parfaite peut être programmé en début de séance, avant les sauts.</p><p style=\"font-family: arial; font-size: 14px; line-height: 21px; text-align: left; margin-right: 0px; margin-bottom: 0px; margin-left: 0px; padding-top: 16px; padding-bottom: 6px;\"></p><img src=\"http://www.musculaction.com/images/programme-skinny-bastard-2.jpg\" width=\"560\" height=\"367\" class=\"img note-float-left\" style=\"border-width: 0px; text-align: center; margin-top: 14px; margin-bottom: 0px; font-family: Arial, verdana; font-size: medium; float: left;\"><span style=\"font-family: Arial, verdana; font-size: medium; text-align: center;\"></span></h5><h2 style=\"font-family: BebasNeueregular, verdana; font-size: 22px; margin-right: 0px; margin-bottom: -2px; margin-left: 0px; padding-top: 24px; line-height: 22px; letter-spacing: 1px; text-align: left;\">&nbsp; &nbsp;Force endurante haut du corps</h2><h5 class=\"card-title\" style=\"text-align: justify;\"><ul style=\"padding: 0px 0px 0px 20px; margin-top: 11px; margin-bottom: 0px; font-family: Arial, verdana; font-size: medium; text-align: center;\"><li style=\"font-family: Arial, sans-serif, Verdana; font-size: 14px; text-align: left; margin: 0px; padding: 2px 2px 2px 12px; list-style-type: none; background-image: url(\" ..=\"\" images=\"\" pt.gif\");=\"\" background-repeat:=\"\" no-repeat;=\"\" background-position:=\"\" 0px=\"\" 5px;=\"\" line-height:=\"\" 21px;\"=\"\"><strong>&nbsp; &nbsp; &nbsp; &nbsp;Exercice de poussée</strong>&nbsp;(développé couché aux haltères, développé incliné aux haltères, pompes lestées…). 3 séries du maximum de répétitions. Repos : 60 secondes entre les séries.</li><li style=\"font-family: Arial, sans-serif, Verdana; font-size: 14px; text-align: left; margin: 0px; padding: 2px 2px 2px 12px; list-style-type: none; background-image: url(\" ..=\"\" images=\"\" pt.gif\");=\"\" background-repeat:=\"\" no-repeat;=\"\" background-position:=\"\" 0px=\"\" 5px;=\"\" line-height:=\"\" 21px;\"=\"\"><strong>&nbsp; &nbsp; &nbsp; Tirage verticale</strong>&nbsp;(tractions, tirage verticale à la poulie…) enchaîné avec travail du haut du corps. 3 à 4 superset de 8-12 répétitions.</li><li style=\"font-family: Arial, sans-serif, Verdana; font-size: 14px; text-align: left; margin: 0px; padding: 2px 2px 2px 12px; list-style-type: none; background-image: url(\" ..=\"\" images=\"\" pt.gif\");=\"\" background-repeat:=\"\" no-repeat;=\"\" background-position:=\"\" 0px=\"\" 5px;=\"\" line-height:=\"\" 21px;\"=\"\"><strong>&nbsp; &nbsp; &nbsp; Deltoïdes externes</strong>&nbsp;(élévations latérales, développé haltère, développé militaire…). 4 séries de 8-12 répétitions.<br></li><li style=\"font-family: Arial, sans-serif, Verdana; font-size: 14px; text-align: left; margin: 0px; padding: 2px 2px 2px 12px; list-style-type: none; background-image: url(\" ..=\"\" images=\"\" pt.gif\");=\"\" background-repeat:=\"\" no-repeat;=\"\" background-position:=\"\" 0px=\"\" 5px;=\"\" line-height:=\"\" 21px;\"=\"\"><strong>&nbsp; &nbsp; &nbsp;Trapèzes</strong>&nbsp;enchaîné avec&nbsp;<strong>travail de bras</strong>&nbsp;(curl, barre au front, extensions nuque…). 3 supersets de 8 à 10 répétitions.</li><li style=\"font-family: Arial, sans-serif, Verdana; font-size: 14px; text-align: left; margin: 0px; padding: 2px 2px 2px 12px; list-style-type: none; background-image: url(\" ..=\"\" images=\"\" pt.gif\");=\"\" background-repeat:=\"\" no-repeat;=\"\" background-position:=\"\" 0px=\"\" 5px;=\"\" line-height:=\"\" 21px;\"=\"\"><strong>&nbsp; &nbsp; &nbsp;Travail de préhension</strong>&nbsp;(grip). 3 à 4 séries (travail sur un temps donné, ou sur un nombre de répétitions suivant l’exercice). A ne pas faire si du&nbsp;soulevé de terre&nbsp;est prévu le lendemain !</li></ul><p style=\"font-family: arial; font-size: 14px; line-height: 21px; text-align: left; margin-right: 0px; margin-bottom: 0px; margin-left: 0px; padding-top: 16px; padding-bottom: 6px;\">&nbsp; &nbsp; &nbsp;Pour le premier exercice, on peut également programmer 4 séries de 12-15 répétitions. L’exercice du travail du haut du corps (rhomboïdes, coiffe des rotateurs) peut rester le même, ou varier !</p></h5><h3 style=\"font-family: BebasNeueregular, verdana; font-size: 19px; letter-spacing: 1px; text-transform: uppercase; margin: 21px 0px 0px; padding-left: 10px; line-height: 14px; text-align: left; background: url(\" ..=\"\" images=\"\" fleche2.gif\")=\"\" left=\"\" -1px=\"\" no-repeat;\"=\"\">&nbsp; &nbsp;APPLICATION PERSONNELLE</h3><h5 class=\"card-title\" style=\"text-align: justify;\"><p style=\"font-family: arial; font-size: 14px; line-height: 21px; text-align: left; margin-right: 0px; margin-bottom: 0px; margin-left: 0px; padding-top: 16px; padding-bottom: 6px;\">&nbsp; &nbsp; &nbsp;J’aime encore ici choisir des mouvements au poids de corps (dips sur anneaux, pompes un bras, pompes avec élastiques…), toujours pour le&nbsp;<strong>bénéfice sur le gainage primal</strong>&nbsp;que cela procure&nbsp; &nbsp; &nbsp; &nbsp; &nbsp; &nbsp; &nbsp; &nbsp; &nbsp; &nbsp; &nbsp;(indispensable au déploiement de la vitesse). Pour le travail de bras, j’effectuerai systématiquement un renforcement des triceps, les biceps étant travaillé en isolation le lundi.&nbsp;<strong>Le travail de grip peut&nbsp; &nbsp; &nbsp; &nbsp; &nbsp; &nbsp;devenir spécifique</strong>, notamment dans les sports de préhension (on pense évidemment au judo) où l’exercice « classique » est la suspension à un kimono, à défaut une serviette.</p></h5><h2 style=\"font-family: BebasNeueregular, verdana; font-size: 22px; margin-right: 0px; margin-bottom: -2px; margin-left: 0px; padding-top: 24px; line-height: 22px; letter-spacing: 1px; text-align: left;\"><br></h2><h2 style=\"font-family: BebasNeueregular, verdana; font-size: 22px; margin-right: 0px; margin-bottom: -2px; margin-left: 0px; padding-top: 24px; line-height: 22px; letter-spacing: 1px; text-align: left;\">Force max bas du corps</h2><h5 class=\"card-title\" style=\"text-align: justify;\"><ul style=\"padding: 0px 0px 0px 20px; margin-top: 11px; margin-bottom: 0px; font-family: Arial, verdana; font-size: medium; text-align: center;\"><li style=\"font-family: Arial, sans-serif, Verdana; font-size: 14px; text-align: left; margin: 0px; padding: 2px 2px 2px 12px; list-style-type: none; background-image: url(\" ..=\"\" images=\"\" pt.gif\");=\"\" background-repeat:=\"\" no-repeat;=\"\" background-position:=\"\" 0px=\"\" 5px;=\"\" line-height:=\"\" 21px;\"=\"\"><strong>Squat</strong>&nbsp;(box squat, squat sumo, front squat, squat classique) ou soulevé de terre (avec barre olympique, à la trap barre ou partiel). Pyramide ascendante pour un maxi à 3RM ou 5RM.</li><li style=\"font-family: Arial, sans-serif, Verdana; font-size: 14px; text-align: left; margin: 0px; padding: 2px 2px 2px 12px; list-style-type: none; background-image: url(\" ..=\"\" images=\"\" pt.gif\");=\"\" background-repeat:=\"\" no-repeat;=\"\" background-position:=\"\" 0px=\"\" 5px;=\"\" line-height:=\"\" 21px;\"=\"\"><strong>Mouvement unilatérale</strong>. 3 séries de 6 à 12 répétitions.</li><li style=\"font-family: Arial, sans-serif, Verdana; font-size: 14px; text-align: left; margin: 0px; padding: 2px 2px 2px 12px; list-style-type: none; background-image: url(\" ..=\"\" images=\"\" pt.gif\");=\"\" background-repeat:=\"\" no-repeat;=\"\" background-position:=\"\" 0px=\"\" 5px;=\"\" line-height:=\"\" 21px;\"=\"\"><strong>Ischio-jambiers</strong>&nbsp;(leg curl). 3 séries de 8 à 12 répétitions.</li><li style=\"font-family: Arial, sans-serif, Verdana; font-size: 14px; text-align: left; margin: 0px; padding: 2px 2px 2px 12px; list-style-type: none; background-image: url(\" ..=\"\" images=\"\" pt.gif\");=\"\" background-repeat:=\"\" no-repeat;=\"\" background-position:=\"\" 0px=\"\" 5px;=\"\" line-height:=\"\" 21px;\"=\"\"><strong>Circuit abdominaux</strong>&nbsp;(crunchs, relevés de jambes barre fixe…). 2 à 3 fois le circuit.</li></ul><p style=\"font-family: arial; font-size: 14px; line-height: 21px; text-align: left; margin-right: 0px; margin-bottom: 0px; margin-left: 0px; padding-top: 16px; padding-bottom: 6px;\">Le travail de force maximale des membres inférieurs est placé le lendemain du travail type bodybuilding pour le haut du corps. Ainsi les jambes ont pleinement récupéré du mardi lors de la séance de saut. DeFranco souligne que le travail unilatéral en second exercice sert notamment à combler les déficits de force bilatéraux*.</p><img src=\"http://www.musculaction.com/images/heure-squat.jpg\" width=\"560\" height=\"388\" class=\"img note-float-left\" style=\"border-width: 0px; text-align: center; margin-top: 14px; margin-bottom: 0px; font-family: Arial, verdana; font-size: medium; float: left;\"><span style=\"font-family: Arial, verdana; font-size: medium; text-align: center;\"></span></h5><h3 style=\"font-family: BebasNeueregular, verdana; font-size: 19px; letter-spacing: 1px; text-transform: uppercase; margin: 21px 0px 0px; padding-left: 10px; line-height: 14px; text-align: left; background: url(\" ..=\"\" images=\"\" fleche2.gif\")=\"\" left=\"\" -1px=\"\" no-repeat;\"=\"\">&nbsp; &nbsp; APPLICATION PERSONNELLE</h3><h5 class=\"card-title\" style=\"text-align: justify;\"><p style=\"font-family: arial; font-size: 14px; line-height: 21px; text-align: left; margin-right: 0px; margin-bottom: 0px; margin-left: 0px; padding-top: 16px; padding-bottom: 6px;\">&nbsp; &nbsp; &nbsp; &nbsp;Je ne modifie pas grand chose à cette séance. Si ce n’est que j’utilise pour les ischio-jambiers des exercices comme le Glut Ham Raise ou, moins traumatisant, du leg curl aux sangles ou sur Swiss&nbsp; &nbsp; &nbsp; &nbsp; &nbsp; &nbsp; &nbsp;Ball. Pour le circuit abdominaux, j’utilise beaucoup de mouvements à la barre fixe alternés avec du renforcement lombaires.</p></h5><h2 style=\"font-family: BebasNeueregular, verdana; font-size: 22px; margin-right: 0px; margin-bottom: -2px; margin-left: 0px; padding-top: 24px; line-height: 22px; letter-spacing: 1px; text-align: left;\">&nbsp; &nbsp;En conclusion</h2><h5 class=\"card-title\" style=\"text-align: justify;\"><p style=\"font-family: arial; font-size: 14px; line-height: 21px; text-align: left; margin-right: 0px; margin-bottom: 0px; margin-left: 0px; padding-top: 16px; padding-bottom: 6px;\">&nbsp; &nbsp; &nbsp; &nbsp;Ce programme est simple et efficace, proposant des marges de manoeuvres intéressantes. Par exemple, pour un sport comme le judo ou la force de tirage est essentielle, je modifierai la&nbsp; &nbsp; &nbsp; &nbsp; &nbsp; &nbsp; &nbsp; &nbsp; &nbsp; &nbsp; &nbsp; &nbsp; &nbsp; &nbsp; &nbsp; &nbsp;programmation pour intégrer une séance de force maximale sur un mouvement de rowing. En cas de manque de matériel (ex : uniquement à disposition de petit matériel, préparation physique en&nbsp; &nbsp; &nbsp; &nbsp; &nbsp; &nbsp; &nbsp; &nbsp; &nbsp;plein&nbsp; air), les mouvements peuvent aisément être substitués et le travail de force maximale remplacé par des mouvements athlétiques complexes.</p><p style=\"font-family: arial; font-size: 14px; line-height: 21px; text-align: left; margin-right: 0px; margin-bottom: 0px; margin-left: 0px; padding-top: 16px; padding-bottom: 6px;\">&nbsp; &nbsp; &nbsp; Ce programme ne remplace pas tout ce qui existe déjà, mais offre une&nbsp;<strong>solide base de travail&nbsp;</strong>à qui nécessite de<strong>&nbsp;développer masse musculaire, force, puissance et explosivité</strong>&nbsp;sur un laps de&nbsp; &nbsp; &nbsp; &nbsp; &nbsp; &nbsp; &nbsp; &nbsp; temps&nbsp; court. Mais aussi, en cyclant correctement le travail de force maximale et de pliométrie, ce programme permet une progression sur le long terme. N’oubliez pas, je me répète que ce programme&nbsp; &nbsp; &nbsp; &nbsp;est MODULABLE, c’est d’ailleurs pourquoi je parle plus de BASE DE TRAVAIL. C’est à vous, ou à votre coach, de l’adapter en fonction de vos objectifs. Le seul repère pour estimer&nbsp;<strong>l’efficacité de&nbsp; &nbsp; &nbsp; &nbsp; &nbsp; &nbsp; &nbsp; &nbsp;votre&nbsp; programme</strong>&nbsp;est votre progression. Pour ça, gardez des&nbsp;<strong>exercices tests</strong>&nbsp;(sprints, squats, tractions, développé couché, sauts, rowing…). Ce que vous voulez du moment qu’ils sont un indicateur&nbsp; &nbsp; &nbsp; &nbsp; de&nbsp; progression vers vos objectifs.</p><p style=\"font-family: arial; font-size: 14px; line-height: 21px; text-align: left; margin-right: 0px; margin-bottom: 0px; margin-left: 0px; padding-top: 16px; padding-bottom: 6px;\"><br></p><p style=\"font-family: arial; font-size: 14px; line-height: 21px; text-align: left; margin-right: 0px; margin-bottom: 0px; margin-left: 0px; padding-top: 16px; padding-bottom: 6px;\">Ce programme est également modifiable pour intégrer un travail de sprint et de de conditioning. Pour en savoir plus, je vous renvoie à la lecture de&nbsp;<i>Westside for Skinny Bastard Part 3</i>.<br>Enfin, attention : pour un sportif débutant (n’ayant jamais fait de&nbsp;musculation, ou pas depuis longtemps),&nbsp;<strong>ce programme devra être précédé d’un cycle d’ « adaptation anatomique** »</strong>&nbsp;afin de préparer les articulations à un travail de force maximale et de pliométrie.</p><p class=\"ref\" style=\"font-family: arial; font-size: 14px; line-height: 20px; text-align: left; margin: 5px 0px 0px; padding-top: 16px; padding-bottom: 6px;\">*Déficit de force bilatéral : c’est l’écart de force entre deux membres. Pour calculer le déficit de force bilatéral, voici une formule simple proposé par P. Prévost et D. Reiss après un test de force maximale sur chacun des membres (supérieurs ou inférieurs) : [(membre le plus fort en kg – membre le plus faible en kg) / membre le plus fort en kg] x 100. Le déficit de force devrait être inférieur à 20% (plus il tend vers zéro, mieux c’est).</p><p class=\"ref\" style=\"font-family: arial; font-size: 14px; line-height: 20px; text-align: left; margin: 5px 0px 0px; padding-top: 16px; padding-bottom: 6px;\">** Adaptation anatomique : c’est ainsi que T.O. Bompa désigne le cycle en début de préparation physique générale (PPG) basé sur des séances avec des exercices sans accélérations violentes, le plus souvent organisé en circuit training.</p></h5><p style=\"font-family: arial; font-size: 14px; line-height: 21px; text-align: left; margin-right: 0px; margin-bottom: 0px; margin-left: 0px; padding-top: 16px; padding-bottom: 6px;\"></p><div style=\"text-align: justify;\"><span style=\"font-family: Arial;\">Après un&nbsp;</span><strong><span style=\"font-family: Arial;\">échauffement</span></strong><span style=\"font-family: Arial;\">&nbsp;général d\'une dizaine de minutes sur un appareil de cardio-training, vous pourrez attaquer le programme en commençant avec 2 séries légères d\'échauffement de 20 répétitions (2*20) au développé-couché.</span></div><div style=\"text-align: justify;\"><span style=\"font-family: Arial;\">Ensuite, pour les exercices suivants, 1 série d\'échauffement (1*15) sera suffisante.</span></div><p></p><p style=\"text-align: justify; font-family: arial; font-size: 14px; line-height: 21px; margin-right: 0px; margin-bottom: 0px; margin-left: 0px; padding-top: 16px; padding-bottom: 6px;\">Comme&nbsp;<strong>mouvements alternatifs</strong>, pour le développé-couché vous pouvez faire des&nbsp;dips, du&nbsp;tirage devant&nbsp;pour remplacer les tractions, du&nbsp;développé devant&nbsp;à la place du développé haltères, et de la&nbsp;presse à cuisses&nbsp;si le squat ne vous convient pas. Si vous n\'avez pas le matériel, il est toujours possible de trouver un exercice de remplacement.</p><p style=\"text-align: justify; font-family: arial; font-size: 14px; line-height: 21px; margin-right: 0px; margin-bottom: 0px; margin-left: 0px; padding-top: 16px; padding-bottom: 6px;\">Vous pouvez voir qu\'<strong>aucune charge n\'est indiquée.</strong>&nbsp;Vous allez débuter avec une charge facile que vous maitrisez. Ensuite, vous ajouterez progressivement du poids au fur et à mesure des progrès. Consultez l\'article :&nbsp;Les bases de l\'entraînement&nbsp;pour plus d\'informations.</p><p style=\"text-align: justify; font-family: arial; font-size: 14px; line-height: 21px; margin-right: 0px; margin-bottom: 0px; margin-left: 0px; padding-top: 16px; padding-bottom: 6px;\">**Comme vous pouvez le constater, il n\'y a pas d\'exercices d\'isolation pour les bras. Les débutants n\'ont&nbsp;<strong style=\"\">pas besoin de travailler spécifiquement les bras</strong>&nbsp;car la plupart des exercices du programme les sollicitent déjà indirectement. Par exemple, les tractions mobilisent le dos mais également les biceps, le développé couché ou les dips sollicitent les triceps à l\'arrière du bras, etc…</p></div>\r\n</div>\r\n<br>\r\n<div style=\"text-align: justify;\"><span style=\"font-family: Arial;\">﻿</span><br></div><div class=\"card\">\r\n  <div class=\"card-header\" style=\"text-align: center;\"><b>Programme de reprise</b></div>\r\n</div>\r\n<p style=\"font-family: arial; font-size: 14px; line-height: 21px; text-align: left; margin-right: 0px; margin-bottom: 0px; margin-left: 0px; padding-top: 16px; padding-bottom: 6px;\">Dans la vraie vie, il n’est pas toujours possible d’être à 100% et toujours au meilleur de sa forme surtout quand on prend de l\'âge. Nous sommes tous confrontés au même phénomène, l’arrêt de la&nbsp;musculation&nbsp;pendant des périodes plus ou moins longues et la perte inéluctable de muscle.<br>Encore hier, je discutais avec un internaute qui avait perdu presque 7 kilos suite à la reprise d’un travail éreintant et le relâchement à l’entrainement.</p><p style=\"font-family: arial; font-size: 14px; line-height: 21px; text-align: left; margin-right: 0px; margin-bottom: 0px; margin-left: 0px; padding-top: 16px; padding-bottom: 6px;\">Ce qu’il faut savoir c’est que le muscle perdu revient assez vite, on parle de la&nbsp;mémoire musculaire, mais qu’il faut s’en donner aussi les moyens.<br>Etant moi-même dans une phase de reprise avec beaucoup de kilos perdus, j’ai constaté le retour de près de 1,4kg en en moins d’une semaine, avec des résultats apparents sur le volume musculaire. Il s’agit probablement principalement d’un restockage glycogénique mais peu importe, les résultats sont la.</p><p style=\"font-family: arial; font-size: 14px; line-height: 21px; text-align: left; margin-right: 0px; margin-bottom: 0px; margin-left: 0px; padding-top: 16px; padding-bottom: 6px;\">On conseille généralement de reprendre l’entrainement doucement, en faisant des séances sans trop forcer avec des poids allégés. Cette solution est je pense la meilleure, vu que la reprise en forçant se termine souvent par des courbatures de plus de 10 jours et ne fait que retarder le retour au niveau.<br>Au niveau de l’alimentation, il est nécessaire de remanger régulièrement et en quantité suffisante. Normalement, la reprise de l’entrainement donne de l’appétit et votre corps vous le fait savoir. Dans mon cas, j’ai préféré y aller progressivement pour ne pas saturer le système digestif.</p><p style=\"font-family: arial; font-size: 14px; line-height: 21px; text-align: left; margin-right: 0px; margin-bottom: 0px; margin-left: 0px; padding-top: 16px; padding-bottom: 6px;\">Au niveau psychologique, ce n’est pas facile de reprendre l’entrainement de musculation, on se sent maigre, faible et tout le monde vous dit que vous avez maigri. On se dit qu’on n’aurait jamais du arrêter ou qu\'on ferait mieux d’abandonner ce sport, mais cette phase n’est que provisoire, les bonnes sensations reviennent assez vite.</p><h2 style=\"font-family: BebasNeueregular, verdana; font-size: 22px; margin-right: 0px; margin-bottom: -2px; margin-left: 0px; padding-top: 24px; line-height: 22px; letter-spacing: 1px; text-align: left;\">Retour aux fondamentaux</h2><p style=\"font-family: arial; font-size: 14px; line-height: 21px; text-align: left; margin-right: 0px; margin-bottom: 0px; margin-left: 0px; padding-top: 16px; padding-bottom: 6px;\">Pour ma reprise, j’ai décidé de revenir à un programme d’entrainement que j’ai longtemps pratiqué. Ce programme de musculation n’est que provisoire. Tout ce que j’espère c’est qu’il aura le don de me redonner rapidement des bras et des épaules et que les pectoraux et le dos suivront. Pour les membres inférieurs, le retour au niveau sera plus progressif. En effet, ce programme est un peu light au niveau des membres inferieurs ce qui explique en partie pourquoi mes jambes ont longtemps été à la traine par rapport au torse.<br>J’espère retrouver mon niveau de 2001 mais je sais que cela ne se fera pas en un mois.</p><h2 style=\"font-family: BebasNeueregular, verdana; font-size: 22px; margin-right: 0px; margin-bottom: -2px; margin-left: 0px; padding-top: 24px; line-height: 22px; letter-spacing: 1px; text-align: left;\">Le programme de musculation</h2><p style=\"font-family: arial; font-size: 14px; line-height: 21px; text-align: left; margin-right: 0px; margin-bottom: 0px; margin-left: 0px; padding-top: 16px; padding-bottom: 6px;\">Il s’agit d’un programme en split de 4 séances par semaine, avec une séance d’épaule-bras, une de jambes, une de pectoraux et une de dos. J’ai repris les exercices au détail près. Beaucoup de séries sont effectuées en pyramidal, d\'autres en format fixe.</p><h2 style=\"font-family: BebasNeueregular, verdana; font-size: 22px; margin-right: 0px; margin-bottom: -2px; margin-left: 0px; padding-top: 24px; line-height: 22px; letter-spacing: 1px; text-align: left;\"><br></h2><br>\r\n\r\n\r\n<div style=\"text-align: justify;\"><span style=\"font-family: Arial;\">﻿</span><br></div><div class=\"card\">\r\n  <div class=\"card-header\" style=\"text-align: center;\"><b>Programme</b></div>\r\n  <div class=\"card-body\">\r\n    <h2 style=\"margin-right: 0px; margin-bottom: -2px; margin-left: 0px; font-family: BebasNeueregular, verdana; line-height: 22px; color: rgb(0, 0, 0); font-size: 22px; padding-top: 24px; letter-spacing: 1px; text-align: left;\">LUNDI</h2><h3 \");\"=\"\" ..=\"\" images=\"\" fleche2.gif\")=\"\" left=\"\" -1px=\"\" no-repeat;\"=\"\" style=\"margin: 21px 0px 0px; font-family: BebasNeueregular, verdana; line-height: 14px; color: rgb(0, 0, 0); font-size: 19px; letter-spacing: 1px; text-transform: uppercase; padding-left: 10px; text-align: left; background: url(&quot;&quot;);\">EPAULES</h3><h5 class=\"card-title\" style=\"text-align: justify;\"><ul style=\"margin-top: 11px; margin-bottom: 0px; font-size: medium; text-align: -webkit-center; padding: 0px 0px 0px 20px; font-family: Arial, verdana;\"><li \");\"=\"\" ..=\"\" images=\"\" pt.gif\");=\"\" background-repeat:=\"\" no-repeat;=\"\" background-position:=\"\" 0px=\"\" 5px;=\"\" line-height:=\"\" 21px;\"=\"\" style=\"font-family: Arial, sans-serif, Verdana; font-size: 14px; text-align: left; margin: 0px; padding: 2px 2px 2px 12px; list-style-type: none; background-image: url(&quot;&quot;);\">Développé nuque&nbsp;à la Smith machine : 6*(15/12/8/6/6)</li><li \");\"=\"\" ..=\"\" images=\"\" pt.gif\");=\"\" background-repeat:=\"\" no-repeat;=\"\" background-position:=\"\" 0px=\"\" 5px;=\"\" line-height:=\"\" 21px;\"=\"\" style=\"font-family: Arial, sans-serif, Verdana; font-size: 14px; text-align: left; margin: 0px; padding: 2px 2px 2px 12px; list-style-type: none; background-image: url(&quot;&quot;);\">Développé haltères&nbsp;: 4*10</li><li \");\"=\"\" ..=\"\" images=\"\" pt.gif\");=\"\" background-repeat:=\"\" no-repeat;=\"\" background-position:=\"\" 0px=\"\" 5px;=\"\" line-height:=\"\" 21px;\"=\"\" style=\"font-family: Arial, sans-serif, Verdana; font-size: 14px; text-align: left; margin: 0px; padding: 2px 2px 2px 12px; list-style-type: none; background-image: url(&quot;&quot;);\">Elévations latérales câbles&nbsp;: 3*12</li></ul></h5><h3 \");\"=\"\" ..=\"\" images=\"\" fleche2.gif\")=\"\" left=\"\" -1px=\"\" no-repeat;\"=\"\" style=\"margin: 21px 0px 0px; font-family: BebasNeueregular, verdana; line-height: 14px; color: rgb(0, 0, 0); font-size: 19px; letter-spacing: 1px; text-transform: uppercase; padding-left: 10px; text-align: left; background: url(&quot;&quot;);\">BICEPS</h3><h5 class=\"card-title\" style=\"text-align: justify;\"><ul style=\"margin-top: 11px; margin-bottom: 0px; font-size: medium; text-align: -webkit-center; padding: 0px 0px 0px 20px; font-family: Arial, verdana;\"><li \");\"=\"\" ..=\"\" images=\"\" pt.gif\");=\"\" background-repeat:=\"\" no-repeat;=\"\" background-position:=\"\" 0px=\"\" 5px;=\"\" line-height:=\"\" 21px;\"=\"\" style=\"font-family: Arial, sans-serif, Verdana; font-size: 14px; text-align: left; margin: 0px; padding: 2px 2px 2px 12px; list-style-type: none; background-image: url(&quot;&quot;);\">Curl barre&nbsp;: 4*(12/10/8/6)</li><li \");\"=\"\" ..=\"\" images=\"\" pt.gif\");=\"\" background-repeat:=\"\" no-repeat;=\"\" background-position:=\"\" 0px=\"\" 5px;=\"\" line-height:=\"\" 21px;\"=\"\" style=\"font-family: Arial, sans-serif, Verdana; font-size: 14px; text-align: left; margin: 0px; padding: 2px 2px 2px 12px; list-style-type: none; background-image: url(&quot;&quot;);\">Curl haltères&nbsp;: 4*(12/10/8/6)</li><li \");\"=\"\" ..=\"\" images=\"\" pt.gif\");=\"\" background-repeat:=\"\" no-repeat;=\"\" background-position:=\"\" 0px=\"\" 5px;=\"\" line-height:=\"\" 21px;\"=\"\" style=\"font-family: Arial, sans-serif, Verdana; font-size: 14px; text-align: left; margin: 0px; padding: 2px 2px 2px 12px; list-style-type: none; background-image: url(&quot;&quot;);\">Curl pupitre&nbsp;: 3*8</li></ul></h5><h3 \");\"=\"\" ..=\"\" images=\"\" fleche2.gif\")=\"\" left=\"\" -1px=\"\" no-repeat;\"=\"\" style=\"margin: 21px 0px 0px; font-family: BebasNeueregular, verdana; line-height: 14px; color: rgb(0, 0, 0); font-size: 19px; letter-spacing: 1px; text-transform: uppercase; padding-left: 10px; text-align: left; background: url(&quot;&quot;);\">TRICEPS</h3><h5 class=\"card-title\" style=\"text-align: justify;\"><ul style=\"margin-top: 11px; margin-bottom: 0px; font-size: medium; text-align: -webkit-center; padding: 0px 0px 0px 20px; font-family: Arial, verdana;\"><li \");\"=\"\" ..=\"\" images=\"\" pt.gif\");=\"\" background-repeat:=\"\" no-repeat;=\"\" background-position:=\"\" 0px=\"\" 5px;=\"\" line-height:=\"\" 21px;\"=\"\" style=\"font-family: Arial, sans-serif, Verdana; font-size: 14px; text-align: left; margin: 0px; padding: 2px 2px 2px 12px; list-style-type: none; background-image: url(&quot;&quot;);\">Barre front&nbsp;: 4*(12/10/8/6)</li><li \");\"=\"\" ..=\"\" images=\"\" pt.gif\");=\"\" background-repeat:=\"\" no-repeat;=\"\" background-position:=\"\" 0px=\"\" 5px;=\"\" line-height:=\"\" 21px;\"=\"\" style=\"font-family: Arial, sans-serif, Verdana; font-size: 14px; text-align: left; margin: 0px; padding: 2px 2px 2px 12px; list-style-type: none; background-image: url(&quot;&quot;);\">Extensions au dessus de la tête&nbsp;: 4*10</li><li \");\"=\"\" ..=\"\" images=\"\" pt.gif\");=\"\" background-repeat:=\"\" no-repeat;=\"\" background-position:=\"\" 0px=\"\" 5px;=\"\" line-height:=\"\" 21px;\"=\"\" style=\"font-family: Arial, sans-serif, Verdana; font-size: 14px; text-align: left; margin: 0px; padding: 2px 2px 2px 12px; list-style-type: none; background-image: url(&quot;&quot;);\">Poulie haute&nbsp;: 3*10</li></ul></h5><h3 \");\"=\"\" ..=\"\" images=\"\" fleche2.gif\")=\"\" left=\"\" -1px=\"\" no-repeat;\"=\"\" style=\"margin: 21px 0px 0px; font-family: BebasNeueregular, verdana; line-height: 14px; color: rgb(0, 0, 0); font-size: 19px; letter-spacing: 1px; text-transform: uppercase; padding-left: 10px; text-align: left; background: url(&quot;&quot;);\">ABDOMINAUX</h3><h5 class=\"card-title\" style=\"text-align: justify;\"><ul style=\"margin-top: 11px; margin-bottom: 0px; font-size: medium; text-align: -webkit-center; padding: 0px 0px 0px 20px; font-family: Arial, verdana;\"><li \");\"=\"\" ..=\"\" images=\"\" pt.gif\");=\"\" background-repeat:=\"\" no-repeat;=\"\" background-position:=\"\" 0px=\"\" 5px;=\"\" line-height:=\"\" 21px;\"=\"\" style=\"font-family: Arial, sans-serif, Verdana; font-size: 14px; text-align: left; margin: 0px; padding: 2px 2px 2px 12px; list-style-type: none; background-image: url(&quot;&quot;);\">Crunchs&nbsp;: 6*20</li><li \");\"=\"\" ..=\"\" images=\"\" pt.gif\");=\"\" background-repeat:=\"\" no-repeat;=\"\" background-position:=\"\" 0px=\"\" 5px;=\"\" line-height:=\"\" 21px;\"=\"\" style=\"font-family: Arial, sans-serif, Verdana; font-size: 14px; text-align: left; margin: 0px; padding: 2px 2px 2px 12px; list-style-type: none; background-image: url(&quot;&quot;);\">Flexions latérales&nbsp;obliques : 3*15</li></ul></h5><h2 style=\"margin-right: 0px; margin-bottom: -2px; margin-left: 0px; font-family: BebasNeueregular, verdana; line-height: 22px; color: rgb(0, 0, 0); font-size: 22px; padding-top: 24px; letter-spacing: 1px; text-align: left;\">MARDI</h2><h3 \");\"=\"\" ..=\"\" images=\"\" fleche2.gif\")=\"\" left=\"\" -1px=\"\" no-repeat;\"=\"\" style=\"margin: 21px 0px 0px; font-family: BebasNeueregular, verdana; line-height: 14px; color: rgb(0, 0, 0); font-size: 19px; letter-spacing: 1px; text-transform: uppercase; padding-left: 10px; text-align: left; background: url(&quot;&quot;);\">CUISSES ET FESSIERS</h3><h5 class=\"card-title\" style=\"text-align: justify;\"><ul style=\"margin-top: 11px; margin-bottom: 0px; font-size: medium; text-align: -webkit-center; padding: 0px 0px 0px 20px; font-family: Arial, verdana;\"><li \");\"=\"\" ..=\"\" images=\"\" pt.gif\");=\"\" background-repeat:=\"\" no-repeat;=\"\" background-position:=\"\" 0px=\"\" 5px;=\"\" line-height:=\"\" 21px;\"=\"\" style=\"font-family: Arial, sans-serif, Verdana; font-size: 14px; text-align: left; margin: 0px; padding: 2px 2px 2px 12px; list-style-type: none; background-image: url(&quot;&quot;);\">Squat&nbsp;: 6*(20/15/12/12/12/12)</li><li \");\"=\"\" ..=\"\" images=\"\" pt.gif\");=\"\" background-repeat:=\"\" no-repeat;=\"\" background-position:=\"\" 0px=\"\" 5px;=\"\" line-height:=\"\" 21px;\"=\"\" style=\"font-family: Arial, sans-serif, Verdana; font-size: 14px; text-align: left; margin: 0px; padding: 2px 2px 2px 12px; list-style-type: none; background-image: url(&quot;&quot;);\">Leg-extension&nbsp;: 6*12</li><li \");\"=\"\" ..=\"\" images=\"\" pt.gif\");=\"\" background-repeat:=\"\" no-repeat;=\"\" background-position:=\"\" 0px=\"\" 5px;=\"\" line-height:=\"\" 21px;\"=\"\" style=\"font-family: Arial, sans-serif, Verdana; font-size: 14px; text-align: left; margin: 0px; padding: 2px 2px 2px 12px; list-style-type: none; background-image: url(&quot;&quot;);\">Leg-curl ischios&nbsp;: 6*15</li></ul></h5><h3 \");\"=\"\" ..=\"\" images=\"\" fleche2.gif\")=\"\" left=\"\" -1px=\"\" no-repeat;\"=\"\" style=\"margin: 21px 0px 0px; font-family: BebasNeueregular, verdana; line-height: 14px; color: rgb(0, 0, 0); font-size: 19px; letter-spacing: 1px; text-transform: uppercase; padding-left: 10px; text-align: left; background: url(&quot;&quot;);\">MOLLETS</h3><h5 class=\"card-title\" style=\"text-align: justify;\"><ul style=\"margin-top: 11px; margin-bottom: 0px; font-size: medium; text-align: -webkit-center; padding: 0px 0px 0px 20px; font-family: Arial, verdana;\"><li \");\"=\"\" ..=\"\" images=\"\" pt.gif\");=\"\" background-repeat:=\"\" no-repeat;=\"\" background-position:=\"\" 0px=\"\" 5px;=\"\" line-height:=\"\" 21px;\"=\"\" style=\"font-family: Arial, sans-serif, Verdana; font-size: 14px; text-align: left; margin: 0px; padding: 2px 2px 2px 12px; list-style-type: none; background-image: url(&quot;&quot;);\">Mollets debout&nbsp;: 6*15</li><li \");\"=\"\" ..=\"\" images=\"\" pt.gif\");=\"\" background-repeat:=\"\" no-repeat;=\"\" background-position:=\"\" 0px=\"\" 5px;=\"\" line-height:=\"\" 21px;\"=\"\" style=\"font-family: Arial, sans-serif, Verdana; font-size: 14px; text-align: left; margin: 0px; padding: 2px 2px 2px 12px; list-style-type: none; background-image: url(&quot;&quot;);\">Mollets assis&nbsp;: 4*20</li></ul></h5><h2 style=\"margin-right: 0px; margin-bottom: -2px; margin-left: 0px; font-family: BebasNeueregular, verdana; line-height: 22px; color: rgb(0, 0, 0); font-size: 22px; padding-top: 24px; letter-spacing: 1px; text-align: left;\">MERCREDI</h2><h5 class=\"card-title\" style=\"text-align: justify;\"><p style=\"margin-right: 0px; margin-bottom: 0px; margin-left: 0px; font-family: arial; font-size: 14px; line-height: 21px; text-align: left; padding-top: 16px; padding-bottom: 6px;\">Repos</p></h5><h2 style=\"margin-right: 0px; margin-bottom: -2px; margin-left: 0px; font-family: BebasNeueregular, verdana; line-height: 22px; color: rgb(0, 0, 0); font-size: 22px; padding-top: 24px; letter-spacing: 1px; text-align: left;\">JEUDI</h2><h3 \");\"=\"\" ..=\"\" images=\"\" fleche2.gif\")=\"\" left=\"\" -1px=\"\" no-repeat;\"=\"\" style=\"margin: 21px 0px 0px; font-family: BebasNeueregular, verdana; line-height: 14px; color: rgb(0, 0, 0); font-size: 19px; letter-spacing: 1px; text-transform: uppercase; padding-left: 10px; text-align: left; background: url(&quot;&quot;);\">PECTORAUX</h3><h5 class=\"card-title\" style=\"text-align: justify;\"><ul style=\"margin-top: 11px; margin-bottom: 0px; font-size: medium; text-align: -webkit-center; padding: 0px 0px 0px 20px; font-family: Arial, verdana;\"><li \");\"=\"\" ..=\"\" images=\"\" pt.gif\");=\"\" background-repeat:=\"\" no-repeat;=\"\" background-position:=\"\" 0px=\"\" 5px;=\"\" line-height:=\"\" 21px;\"=\"\" style=\"font-family: Arial, sans-serif, Verdana; font-size: 14px; text-align: left; margin: 0px; padding: 2px 2px 2px 12px; list-style-type: none; background-image: url(&quot;&quot;);\">Développé couché&nbsp;: 6*(20/15/9/6/3/3)</li><li \");\"=\"\" ..=\"\" images=\"\" pt.gif\");=\"\" background-repeat:=\"\" no-repeat;=\"\" background-position:=\"\" 0px=\"\" 5px;=\"\" line-height:=\"\" 21px;\"=\"\" style=\"font-family: Arial, sans-serif, Verdana; font-size: 14px; text-align: left; margin: 0px; padding: 2px 2px 2px 12px; list-style-type: none; background-image: url(&quot;&quot;);\">Développé incliné haltères&nbsp;: 4*10</li><li \");\"=\"\" ..=\"\" images=\"\" pt.gif\");=\"\" background-repeat:=\"\" no-repeat;=\"\" background-position:=\"\" 0px=\"\" 5px;=\"\" line-height:=\"\" 21px;\"=\"\" style=\"font-family: Arial, sans-serif, Verdana; font-size: 14px; text-align: left; margin: 0px; padding: 2px 2px 2px 12px; list-style-type: none; background-image: url(&quot;&quot;);\">Ecartés couchés&nbsp;: 3*12</li><li \");\"=\"\" ..=\"\" images=\"\" pt.gif\");=\"\" background-repeat:=\"\" no-repeat;=\"\" background-position:=\"\" 0px=\"\" 5px;=\"\" line-height:=\"\" 21px;\"=\"\" style=\"font-family: Arial, sans-serif, Verdana; font-size: 14px; text-align: left; margin: 0px; padding: 2px 2px 2px 12px; list-style-type: none; background-image: url(&quot;&quot;);\">Pull-over&nbsp;: 3*15</li></ul></h5><h3 \");\"=\"\" ..=\"\" images=\"\" fleche2.gif\")=\"\" left=\"\" -1px=\"\" no-repeat;\"=\"\" style=\"margin: 21px 0px 0px; font-family: BebasNeueregular, verdana; line-height: 14px; color: rgb(0, 0, 0); font-size: 19px; letter-spacing: 1px; text-transform: uppercase; padding-left: 10px; text-align: left; background: url(&quot;&quot;);\">ABDOMINAUX</h3><h5 class=\"card-title\" style=\"text-align: justify;\"><ul style=\"margin-top: 11px; margin-bottom: 0px; font-size: medium; text-align: -webkit-center; padding: 0px 0px 0px 20px; font-family: Arial, verdana;\"><li \");\"=\"\" ..=\"\" images=\"\" pt.gif\");=\"\" background-repeat:=\"\" no-repeat;=\"\" background-position:=\"\" 0px=\"\" 5px;=\"\" line-height:=\"\" 21px;\"=\"\" style=\"font-family: Arial, sans-serif, Verdana; font-size: 14px; text-align: left; margin: 0px; padding: 2px 2px 2px 12px; list-style-type: none; background-image: url(&quot;&quot;);\">Crunchs&nbsp;: 6*20</li><li \");\"=\"\" ..=\"\" images=\"\" pt.gif\");=\"\" background-repeat:=\"\" no-repeat;=\"\" background-position:=\"\" 0px=\"\" 5px;=\"\" line-height:=\"\" 21px;\"=\"\" style=\"font-family: Arial, sans-serif, Verdana; font-size: 14px; text-align: left; margin: 0px; padding: 2px 2px 2px 12px; list-style-type: none; background-image: url(&quot;&quot;);\">Flexions latérales&nbsp;obliques : 3*15</li></ul></h5><h2 style=\"margin-right: 0px; margin-bottom: -2px; margin-left: 0px; font-family: BebasNeueregular, verdana; line-height: 22px; color: rgb(0, 0, 0); font-size: 22px; padding-top: 24px; letter-spacing: 1px; text-align: left;\">VENDREDI</h2><h3 \");\"=\"\" ..=\"\" images=\"\" fleche2.gif\")=\"\" left=\"\" -1px=\"\" no-repeat;\"=\"\" style=\"margin: 21px 0px 0px; font-family: BebasNeueregular, verdana; line-height: 14px; color: rgb(0, 0, 0); font-size: 19px; letter-spacing: 1px; text-transform: uppercase; padding-left: 10px; text-align: left; background: url(&quot;&quot;);\">DOS ET LOMBAIRES</h3><h5 class=\"card-title\" style=\"text-align: justify;\"><ul style=\"margin-top: 11px; margin-bottom: 0px; font-size: medium; text-align: -webkit-center; padding: 0px 0px 0px 20px; font-family: Arial, verdana;\"><li \");\"=\"\" ..=\"\" images=\"\" pt.gif\");=\"\" background-repeat:=\"\" no-repeat;=\"\" background-position:=\"\" 0px=\"\" 5px;=\"\" line-height:=\"\" 21px;\"=\"\" style=\"font-family: Arial, sans-serif, Verdana; font-size: 14px; text-align: left; margin: 0px; padding: 2px 2px 2px 12px; list-style-type: none; background-image: url(&quot;&quot;);\">Tractions&nbsp;: 6*12</li><li \");\"=\"\" ..=\"\" images=\"\" pt.gif\");=\"\" background-repeat:=\"\" no-repeat;=\"\" background-position:=\"\" 0px=\"\" 5px;=\"\" line-height:=\"\" 21px;\"=\"\" style=\"font-family: Arial, sans-serif, Verdana; font-size: 14px; text-align: left; margin: 0px; padding: 2px 2px 2px 12px; list-style-type: none; background-image: url(&quot;&quot;);\">Tirage sol poulie basse&nbsp;: 5*(15/12/8/6/6)</li><li \");\"=\"\" ..=\"\" images=\"\" pt.gif\");=\"\" background-repeat:=\"\" no-repeat;=\"\" background-position:=\"\" 0px=\"\" 5px;=\"\" line-height:=\"\" 21px;\"=\"\" style=\"font-family: Arial, sans-serif, Verdana; font-size: 14px; text-align: left; margin: 0px; padding: 2px 2px 2px 12px; list-style-type: none; background-image: url(&quot;&quot;);\">Soulevé de terre&nbsp;: 5*(20/12/10/8/6)</li><li \");\"=\"\" ..=\"\" images=\"\" pt.gif\");=\"\" background-repeat:=\"\" no-repeat;=\"\" background-position:=\"\" 0px=\"\" 5px;=\"\" line-height:=\"\" 21px;\"=\"\" style=\"font-family: Arial, sans-serif, Verdana; font-size: 14px; text-align: left; margin: 0px; padding: 2px 2px 2px 12px; list-style-type: none; background-image: url(&quot;&quot;);\">Shrug&nbsp;trapèzes : 4*15</li></ul></h5><h3 \");\"=\"\" ..=\"\" images=\"\" fleche2.gif\")=\"\" left=\"\" -1px=\"\" no-repeat;\"=\"\" style=\"margin: 21px 0px 0px; font-family: BebasNeueregular, verdana; line-height: 14px; color: rgb(0, 0, 0); font-size: 19px; letter-spacing: 1px; text-transform: uppercase; padding-left: 10px; text-align: left; background: url(&quot;&quot;);\">MOLLETS</h3><h5 class=\"card-title\" style=\"text-align: justify;\"><ul style=\"margin-top: 11px; margin-bottom: 0px; font-size: medium; text-align: -webkit-center; padding: 0px 0px 0px 20px; font-family: Arial, verdana;\"><li \");\"=\"\" ..=\"\" images=\"\" pt.gif\");=\"\" background-repeat:=\"\" no-repeat;=\"\" background-position:=\"\" 0px=\"\" 5px;=\"\" line-height:=\"\" 21px;\"=\"\" style=\"font-family: Arial, sans-serif, Verdana; font-size: 14px; text-align: left; margin: 0px; padding: 2px 2px 2px 12px; list-style-type: none; background-image: url(&quot;&quot;);\">Mollets presse à cuisse&nbsp;: 6*15</li><li \");\"=\"\" ..=\"\" images=\"\" pt.gif\");=\"\" background-repeat:=\"\" no-repeat;=\"\" background-position:=\"\" 0px=\"\" 5px;=\"\" line-height:=\"\" 21px;\"=\"\" style=\"font-family: Arial, sans-serif, Verdana; font-size: 14px; text-align: left; margin: 0px; padding: 2px 2px 2px 12px; list-style-type: none; background-image: url(&quot;&quot;);\">Mollets assis&nbsp;: 4*20</li></ul></h5><h2 style=\"margin-right: 0px; margin-bottom: -2px; margin-left: 0px; font-family: BebasNeueregular, verdana; line-height: 22px; color: rgb(0, 0, 0); font-size: 22px; padding-top: 24px; letter-spacing: 1px; text-align: left;\">SAMEDI</h2><h5 class=\"card-title\" style=\"text-align: justify;\"><p style=\"margin-right: 0px; margin-bottom: 0px; margin-left: 0px; font-family: arial; font-size: 14px; line-height: 21px; text-align: left; padding-top: 16px; padding-bottom: 6px;\">Repos</p></h5><h2 style=\"margin-right: 0px; margin-bottom: -2px; margin-left: 0px; font-family: BebasNeueregular, verdana; line-height: 22px; color: rgb(0, 0, 0); font-size: 22px; padding-top: 24px; letter-spacing: 1px; text-align: left;\">DIMANCHE</h2><h5 class=\"card-title\" style=\"text-align: justify;\"><p style=\"margin-right: 0px; margin-bottom: 0px; margin-left: 0px; font-family: arial; font-size: 14px; line-height: 21px; text-align: left; padding-top: 16px; padding-bottom: 6px;\">Repos</p></h5></div>\r\n</div>\r\n');
INSERT INTO `sousRubrique` (`idSousRubrique`, `idRubrique`, `titre`, `texteHtml`) VALUES
(16, 25, 'La nutrition de prise de muscle', '<p style=\"font-family: arial; font-size: 14px; line-height: 21px; color: rgb(51, 51, 51); text-align: left; margin-right: 0px; margin-bottom: 0px; margin-left: 0px; padding-top: 16px; padding-bottom: 6px;\">Comme vous le savez sans doute, la pratique de la musculation est régie par trois paramètres importants que sont l\'entraînement, le repos et la nutrition.&nbsp;<strong>Chacun a son importance pour obtenir une bonne prise de muscles.</strong>&nbsp;Cependant, on remarque qu\'une bonne partie des pratiquants s\'intéressent plus facilement à la façon dont ils doivent mener leurs séances, ou exécuter leurs exercices, plutôt qu\'à leur nutrition. Ce qui est une grave erreur.</p><p style=\"font-family: arial; font-size: 14px; line-height: 21px; color: rgb(51, 51, 51); text-align: left; margin-right: 0px; margin-bottom: 0px; margin-left: 0px; padding-top: 16px; padding-bottom: 6px;\">De plus, parmi ceux qui prennent le temps de s\'y intéresser, il en existe certains qui préfèrent se focaliser sur des points de détails comme la supplémentation sans avoir préalablement maîtrisé leur alimentation, le nombre de calories qu\'ils ingèrent et la répartition de leurs nutriments.</p><p style=\"font-family: arial; font-size: 14px; line-height: 21px; color: rgb(51, 51, 51); text-align: left; margin-right: 0px; margin-bottom: 0px; margin-left: 0px; padding-top: 16px; padding-bottom: 6px;\">Or, pour construire du muscle, il faut voir sa diète de façon globale et commencer par ce qu\'il y a de plus important avant de peaufiner les détails. Cet article va vous aider à&nbsp;<strong>mettre en place les bases d’une nutrition correcte</strong>&nbsp;pour atteindre votre objectif de prise de muscles.</p>\r\n<br><div class=\"card\">\r\n  <div class=\"card-header\"><b>Les grandes lignes pour la prise de muscle</b></div>\r\n  <div class=\"card-body\">\r\n    <h5 class=\"card-title\"><p style=\"font-family: arial; font-size: 14px; line-height: 21px; text-align: left; margin-right: 0px; margin-bottom: 0px; margin-left: 0px; padding-top: 16px; padding-bottom: 6px;\"><span style=\"color: rgb(51, 51, 51);\">A</span>vant d\'entrer plus dans le détail, il convient de définir les grandes idées qui vont modeler votre diète. Ces idées, si vous les suivez, vont déjà vous permettre d\'adopter une alimentation beaucoup plus efficace pour prendre du muscle. Elle sera plus saine, vous fera prendre moins de gras et plus de muscles.</p></h5><h3 style=\"font-family: BebasNeueregular, verdana; font-size: 19px; letter-spacing: 1px; text-transform: uppercase; margin: 21px 0px 0px; padding-left: 10px; line-height: 14px; text-align: left; background: url(&quot;../images/fleche2.gif&quot;) left -1px no-repeat;\">MULTIPLIEZ LES REPAS</h3><h5 class=\"card-title\"><p style=\"font-family: arial; font-size: 14px; line-height: 21px; text-align: left; margin-right: 0px; margin-bottom: 0px; margin-left: 0px; padding-top: 16px; padding-bottom: 6px;\">Ce n\'est pas une obligation car, ce qui est important, c\'est de manger selon vos besoins sur la journée. Mais, comme cela peut vous demander de beaucoup manger, il est souvent plus aisé de partager votre apport calorique en de nombreux repas. Certains pratiquants mangent alors 3 repas principaux agrémentés de 3 collations supplémentaires.</p></h5><h3 style=\"font-family: BebasNeueregular, verdana; font-size: 19px; letter-spacing: 1px; text-transform: uppercase; margin: 21px 0px 0px; padding-left: 10px; line-height: 14px; text-align: left; background: url(&quot;../images/fleche2.gif&quot;) left -1px no-repeat;\">FAITES UN EFFORT SUR LES PROTÉINES</h3><h5 class=\"card-title\"><p style=\"font-family: arial; font-size: 14px; line-height: 21px; text-align: left; margin-right: 0px; margin-bottom: 0px; margin-left: 0px; padding-top: 16px; padding-bottom: 6px;\">Vos muscles se construisent à partir d\'acides aminés issus de&nbsp;protéines. Il est évident que si vous ne leur en apportez pas suffisamment, cela va ralentir votre progression. Une base de 2 g de protéines par kilos de poids de corps, par jour, est une base saine. Cette quantité pourra augmenter lorsque vous aurez plus de muscles.</p></h5><h3 style=\"font-family: BebasNeueregular, verdana; font-size: 19px; letter-spacing: 1px; text-transform: uppercase; margin: 21px 0px 0px; padding-left: 10px; line-height: 14px; text-align: left; background: url(&quot;../images/fleche2.gif&quot;) left -1px no-repeat;\">CHOISISSEZ LES BONS GRAS</h3><h5 class=\"card-title\"><p style=\"font-family: arial; font-size: 14px; line-height: 21px; text-align: left; margin-right: 0px; margin-bottom: 0px; margin-left: 0px; padding-top: 16px; padding-bottom: 6px;\">Les graisses sont essentielles au corps humain et vous ne devez donc pas les éviter. C\'est même l\'inverse, vous devez vous en préoccuper ! Environ un tiers de votre apport calorique doit venir des acides gras répartis à part égale entre les gras saturés, mono-insaturés et polyinsaturés. Parmi eux, vous devez veiller à un apport suffisant en oméga 3 par rapport aux oméga 6. Vous devez vous rapprocher d\'un rapport de 1 g d\'oméga 3 pour 2-3 g d\'oméga 6. En effet, les oméga 6 sont souvent trop consommés par rapport aux oméga 3, alors que ces derniers luttent contre les inflammations et peuvent améliorer les performances sportives.</p><img src=\"http://www.musculaction.com/images/560-seche-musculation-2.jpg\" alt=\"Repas de sèche\" width=\"560\" height=\"372\" class=\"img\" style=\"border-width: 0px; margin-top: 14px; margin-bottom: 0px; font-family: Arial, verdana; font-size: medium;\"><span style=\"font-family: Arial, verdana; font-size: medium;\"></span></h5><h3 style=\"font-family: BebasNeueregular, verdana; font-size: 19px; letter-spacing: 1px; text-transform: uppercase; margin: 21px 0px 0px; padding-left: 10px; line-height: 14px; text-align: left; background: url(&quot;../images/fleche2.gif&quot;) left -1px no-repeat;\">COMPLÉTEZ AVEC DES GLUCIDES À IG BAS</h3><h5 class=\"card-title\"><p style=\"font-family: arial; font-size: 14px; line-height: 21px; text-align: left; margin-right: 0px; margin-bottom: 0px; margin-left: 0px; padding-top: 16px; padding-bottom: 6px;\">Lorsque vous avez atteint la bonne quantité de protéines et de&nbsp;lipides, vous devez compléter votre alimentation avec des&nbsp;glucides&nbsp;en privilégiant ceux dont l\'Index Glycémique&nbsp;est bas et qui ne vont donc pas brusquer votre taux de sucre sanguin. Cela vous évitera de prendre du gras inutilement et de développer du diabète plus tard.</p></h5><h3 style=\"font-family: BebasNeueregular, verdana; font-size: 19px; letter-spacing: 1px; text-transform: uppercase; margin: 21px 0px 0px; padding-left: 10px; line-height: 14px; text-align: left; background: url(&quot;../images/fleche2.gif&quot;) left -1px no-repeat;\">N\'OUBLIEZ PAS LES LÉGUMES</h3><h5 class=\"card-title\"><p style=\"font-family: arial; font-size: 14px; line-height: 21px; text-align: left; margin-right: 0px; margin-bottom: 0px; margin-left: 0px; padding-top: 16px; padding-bottom: 6px;\">Une des erreurs les plus communes est de mettre de côté les légumes parce qu\'ils n\'apportent pas assez de calories. De plus, cela peut demander un effort de les manger si vous consommez déjà une grande quantité d\'aliments à côté. Pourtant, les légumes, ainsi que les fruits, sont indispensables à votre apport en vitamines et minéraux. De plus, ils contribuent à réduire l\'acidité de votre organisme. Or, la nutrition de prise de muscle et l\'entraînement sont acidifiants. Si vous ne consommez pas assez de légumes, cette acidité peut entacher le fonctionnement de votre corps et vous mener à des problèmes de santé, à long terme.</p></h5><h3 style=\"font-family: BebasNeueregular, verdana; font-size: 19px; letter-spacing: 1px; text-transform: uppercase; margin: 21px 0px 0px; padding-left: 10px; line-height: 14px; text-align: left; background: url(&quot;../images/fleche2.gif&quot;) left -1px no-repeat;\">FORCEZ SUR LE REPAS POST-TRAINING</h3><h5 class=\"card-title\"><p style=\"font-family: arial; font-size: 14px; line-height: 21px; text-align: left; margin-right: 0px; margin-bottom: 0px; margin-left: 0px; padding-top: 16px; padding-bottom: 6px;\">S\'il y a bien un repas où vous devez forcer sur la nourriture, c\'est celui qui suit l\'entraînement. En effet, à ce moment-là, vos muscles sont en pleine reconstruction et ont besoin d\'un apport conséquent en nutriments. Réservez donc votre plus gros repas de la journée pour après votre séance.</p></h5><h3 style=\"font-family: BebasNeueregular, verdana; font-size: 19px; letter-spacing: 1px; text-transform: uppercase; margin: 21px 0px 0px; padding-left: 10px; line-height: 14px; text-align: left; background: url(&quot;../images/fleche2.gif&quot;) left -1px no-repeat;\">BUVEZ DE L\'EAU</h3><h5 class=\"card-title\"><p style=\"font-family: arial; font-size: 14px; line-height: 21px; text-align: left; margin-right: 0px; margin-bottom: 0px; margin-left: 0px; padding-top: 16px; padding-bottom: 6px;\">La seule boisson importante, c\'est l\'eau. Elle vous réhydrate et vous apporte des minéraux essentiels. Or, comme vous pratiquez la musculation, vos besoins sont encore plus importants. Vous devez donc boire 2L d\'eau par jour et compensez les pertes de chaque séance de musculation en buvant une quantité d\'eau supplémentaire pendant et après vos séances.</p></h5><h3 style=\"font-family: BebasNeueregular, verdana; font-size: 19px; letter-spacing: 1px; text-transform: uppercase; margin: 21px 0px 0px; padding-left: 10px; line-height: 14px; text-align: left; background: url(&quot;../images/fleche2.gif&quot;) left -1px no-repeat;\">MANGEZ SOLIDE</h3><h5 class=\"card-title\"><p style=\"font-family: arial; font-size: 14px; line-height: 21px; text-align: left; margin-right: 0px; margin-bottom: 0px; margin-left: 0px; padding-top: 16px; padding-bottom: 6px;\">Beaucoup de pratiquants sont tentés par les&nbsp;<font style=\"\">gainers</font>&nbsp;du marché ou ceux qu\'ils peuvent préparer eux-mêmes. En théorie, c\'est une bonne idée pour augmenter facilement l\'apport en calories. Mais, en pratique, ces genres de gainers possèdent souvent un Index Glycémique haut et favorisent la prise de graisse. Mieux vaut privilégier la nourriture solide, plus saine en se concentrant sur les aliments à Index Glycémique bas.</p></h5></div>\r\n</div>\r\n<br>\r\n<div class=\"card\">\r\n  <div class=\"card-header\"><b>La prise de masse</b></div>\r\n  <div class=\"card-body\">\r\n    <h5 class=\"card-title\"><p style=\"font-family: arial; font-size: 14px; line-height: 21px; text-align: left; margin-right: 0px; margin-bottom: 0px; margin-left: 0px; padding-top: 16px; padding-bottom: 6px;\">Attention,&nbsp;<strong style=\"\">prise de masse</strong>&nbsp;ne signifie pas que vous allez vous gaver pour prendre 4 kilos par semaine. Ce serait contre-productif. Non, ici, prise de masse signifie que vous allez contrôler votre alimentation, à partir du calcul calorique que vous venez de faire, afin de&nbsp;<strong style=\"\">prendre le plus de muscle et le moins de gras possible.</strong>&nbsp;Or, cela demande du temps, une prise de poids lente et progressive.</p><img src=\"http://www.musculaction.com/images/560-prise-de-masse-3.jpg\" width=\"560\" height=\"360\" class=\"img\" style=\"border-width: 0px; margin-top: 14px; margin-bottom: 0px; font-family: Arial, verdana; font-size: medium;\"><span style=\"font-family: Arial, verdana; font-size: medium;\"></span><p style=\"font-family: arial; font-size: 14px; line-height: 21px; text-align: left; margin-right: 0px; margin-bottom: 0px; margin-left: 0px; padding-top: 16px; padding-bottom: 6px;\">Voilà ce que vous devez faire pour entamer votre prise de muscles :</p><p style=\"font-family: arial; font-size: 14px; line-height: 21px; text-align: left; margin-right: 0px; margin-bottom: 0px; margin-left: 0px; padding-top: 16px; padding-bottom: 6px;\">1 -&nbsp;<strong>Mettez en place votre diète</strong>&nbsp;à partir de votre DEJ + 250 kcal, en suivant les grands préceptes que nous avons vus au début de l\'article. Commencez par déterminer votre besoin en protéines, puis en lipides, et complétez avec les glucides. Ajoutez des fruits et légumes, et vous obtenez votre plan alimentaire.</p><p style=\"font-family: arial; font-size: 14px; line-height: 21px; text-align: left; margin-right: 0px; margin-bottom: 0px; margin-left: 0px; padding-top: 16px; padding-bottom: 6px;\">2 -&nbsp;<strong>Appliquez cette diète</strong>&nbsp;et entraînez-vous correctement.</p><p style=\"font-family: arial; font-size: 14px; line-height: 21px; text-align: left; margin-right: 0px; margin-bottom: 0px; margin-left: 0px; padding-top: 16px; padding-bottom: 6px;\">3 -&nbsp;<strong>Pesez-vous</strong>&nbsp;à jeun, le matin, après être passé aux toilettes, chaque semaine.</p><p style=\"font-family: arial; font-size: 14px; line-height: 21px; text-align: left; margin-right: 0px; margin-bottom: 0px; margin-left: 0px; padding-top: 16px; padding-bottom: 6px;\">4 - Au bout de quelques semaines, vous devez&nbsp;<strong>adapter votre alimentation</strong>&nbsp;suivant les résultats. Vous devez viser environ 500 grammes de plus toutes les semaines. Si vous êtes en-dessous, vous pouvez augmenter votre diète de 100 kcal. Si vous êtes au-dessus, mieux vaut diminuer de 100 kcal. Adaptez-vous au fil de votre progression. Vous risquez de devoir augmenter votre apport de temps en temps car plus vous gagnerez de muscles, plus vos besoins augmenteront.</p><p style=\"font-family: arial; font-size: 14px; line-height: 21px; text-align: left; margin-right: 0px; margin-bottom: 0px; margin-left: 0px; padding-top: 16px; padding-bottom: 6px;\">5 -&nbsp;<strong style=\"\">Contrôlez votre évolution</strong>&nbsp;avec des photos ou une&nbsp;<font style=\"\">prise de mensurations</font>&nbsp;afin d\'être sûr que vous ne preniez pas trop de gras. Le ventre est un des meilleurs indicateurs. S\'il augmente alors que le reste stagne, c\'est qu\'il y a un problème dans votre plan alimentaire !</p></h5></div>\r\n</div>\r\n<br>\r\n<div class=\"card\">\r\n  <div class=\"card-header\"><b>\r\n    La sèche</b></div>\r\n  <div class=\"card-body\">\r\n    <h5 class=\"card-title\"><p style=\"font-family: arial; font-size: 14px; line-height: 21px; text-align: left; margin-right: 0px; margin-bottom: 0px; margin-left: 0px; padding-top: 16px; padding-bottom: 6px;\"><font color=\"#333333\">La&nbsp;</font><font style=\"\">période de sèche</font><font color=\"#333333\">&nbsp;intervient lorsque vous avez atteint un stade suffisant en prise de masse et que&nbsp;</font><strong style=\"color: rgb(51, 51, 51);\">vous voulez vous débarrasser de la graisse</strong><font color=\"#333333\">&nbsp;qui a pu s\'accumuler.</font></p><p style=\"font-family: arial; font-size: 14px; line-height: 21px; color: rgb(51, 51, 51); text-align: left; margin-right: 0px; margin-bottom: 0px; margin-left: 0px; padding-top: 16px; padding-bottom: 6px;\">Le processus est très similaire à la prise de masse, mais inverse. Diminuez vos apports caloriques progressivement, jusqu\'à ce que votre poids stagne. Puis, diminuez encore de 250 kcal. Vous devez atteindre une perte de poids d\'environ 500 grammes par semaine. Adaptez votre diète par rapport à cet objectif, comme pour la prise de masse.</p><img src=\"http://www.musculaction.com/images/560-seche-musculation-1.jpg\" alt=\"Sèche musculation\" width=\"560\" height=\"345\" class=\"img\" style=\"border-width: 0px; margin-top: 14px; margin-bottom: 0px; font-family: Arial, verdana; font-size: medium;\"><span style=\"font-family: Arial, verdana; font-size: medium;\"></span><p style=\"font-family: arial; font-size: 14px; line-height: 21px; color: rgb(51, 51, 51); text-align: left; margin-right: 0px; margin-bottom: 0px; margin-left: 0px; padding-top: 16px; padding-bottom: 6px;\">Vous pouvez conserver un apport de protéines similaire à la prise de masse et une quantité de lipides d\'au moins 1 tiers du total calorique. Votre baisse de calories va donc surtout se jouer sur les glucides. Mais, attention à ne pas les diminuer trop rapidement au risque de provoquer une perte de muscle rapide. Vous devez agir progressivement de manière à conserver le plus de muscles possible tout en vous débarrassant du gras.</p></h5></div>\r\n</div>'),
(17, 25, 'Le petit déjeuner des champions !', '<p><span style=\"color: rgb(51, 51, 51); font-family: arial; font-size: 14px; text-align: left;\">Même si, à proprement parler,&nbsp;</span><strong style=\"color: rgb(51, 51, 51); font-family: arial; font-size: 14px; text-align: left;\">le petit déjeuner</strong><span style=\"color: rgb(51, 51, 51); font-family: arial; font-size: 14px; text-align: left;\">&nbsp;n’est pas un repas indispensable, cela peut tout de même être un repas important, surtout si vous comptez consommer une quantité de calories suffisante pour gagner de la masse musculaire. Pourtant, ce qui est considéré comme un bon petit déjeuner en France est loin d’être ce qu’il y a de plus sain ni de plus approprié pour un sportif.</span><br></p>\r\n<br>\r\n<div class=\"card\">\r\n  <div class=\"card-header\"><b>L\'intérêt d\'un bon petit déjeuner</b></div>\r\n  <div class=\"card-body\">\r\n    <h2 style=\"font-family: BebasNeueregular, verdana; font-size: 22px; color: rgb(251, 137, 1); margin-right: 0px; margin-bottom: -2px; margin-left: 0px; padding-top: 24px; line-height: 22px; letter-spacing: 1px; text-align: left;\"><p style=\"font-family: arial; font-size: 14px; line-height: 21px; color: rgb(51, 51, 51); margin-right: 0px; margin-bottom: 0px; margin-left: 0px; padding-top: 16px; padding-bottom: 6px; letter-spacing: normal;\">Le petit déjeuner, c’est généralement le premier repas qui est pris dans la journée.&nbsp;<strong>Ne pas le rater est donc important.</strong>&nbsp;En effet, durant toute la nuit, votre corps n’a reçu aucun nouvel apport de nutriments et pourtant il a eu la lourde tache de se régénérer, de construire du muscle, de produire des hormones, etc. Pour cela, il a puisé dans les nutriments de votre dîner, puis dans vos graisses et vos réserves de glucides musculaires.</p><p style=\"font-family: arial; font-size: 14px; line-height: 21px; color: rgb(51, 51, 51); margin-right: 0px; margin-bottom: 0px; margin-left: 0px; padding-top: 16px; padding-bottom: 6px; letter-spacing: normal;\">Lorsqu’arrive le matin, votre corps réclame de nouveaux nutriments pour satisfaire ses besoins énergétiques. Mais, comme vous avez finalement jeuné pendant 8 à 12 heures, du soir jusqu’au matin, vous avez généralement envie de manger quelque chose de rapide et de sucré. En effet, votre corps aura tendance à vous réclamer une source de glucides qu’il pourra assimiler aisément.</p><p style=\"font-family: arial; font-size: 14px; line-height: 21px; color: rgb(51, 51, 51); margin-right: 0px; margin-bottom: 0px; margin-left: 0px; padding-top: 16px; padding-bottom: 6px; letter-spacing: normal;\">Evidemment, certains préfèreront carrément&nbsp;<strong>sauter le repas</strong>&nbsp;car ils n’ont pas le temps et doivent se rendre au travail ou en cours. Ce qui accentue encore leurs envies de sucré, qu’ils combleront plus tard en achetant des biscuits à un distributeur ou des viennoiseries, mangées sur le pouce.</p></h2></div>\r\n</div>\r\n<br>\r\n<div class=\"card\">\r\n  <div class=\"card-header\"><b>\r\n    Le petit déjeuner classique français</b></div>\r\n  <div class=\"card-body\">\r\n    <h5 class=\"card-title\"><p style=\"font-family: arial; font-size: 14px; line-height: 21px; text-align: left; margin-right: 0px; margin-bottom: 0px; margin-left: 0px; padding-top: 16px; padding-bottom: 6px;\">Le petit déjeuner des français correspond bien à&nbsp;<strong style=\"\">cette envie de sucré du matin</strong>, contrairement à ce que d’autres cultures privilégient, comme celle anglo-saxonne. En effet, les Anglais ont plutôt tendance à manger des oeufs et du bacon le matin, avec du porridge. Pour nous, cela peut sembler écœurant, et l’inverse est également vrai quand les Anglais regardent ce que nous mangeons.</p><p style=\"font-family: arial; font-size: 14px; line-height: 21px; text-align: left; margin-right: 0px; margin-bottom: 0px; margin-left: 0px; padding-top: 16px; padding-bottom: 6px;\">Mais,&nbsp;<strong>notre petit déjeuner est-il vraiment meilleur</strong>&nbsp;pour combler les besoins du matin ? Pas vraiment. Car ce que les Français mangent, ce sont surtout des sources de sucres dont&nbsp;l’Index Glycémique&nbsp;est élevé et accompagnées de graisses saturées.</p><img src=\"http://www.musculaction.com/images/560-petit-dejeuner-1.jpg\" alt=\"Petit déjeuner français\" width=\"560\" height=\"346\" class=\"img\" style=\"border-width: 0px; margin-top: 14px; margin-bottom: 0px; font-family: Arial, verdana; font-size: medium;\"><span style=\"font-family: Arial, verdana; font-size: medium;\"></span><p style=\"font-family: arial; font-size: 14px; line-height: 21px; text-align: left; margin-right: 0px; margin-bottom: 0px; margin-left: 0px; padding-top: 16px; padding-bottom: 6px;\">Voici quelques exemples simples. Les&nbsp;croissants,&nbsp;pains au chocolat&nbsp;et autres viennoiseries sont bourrés de sucre blanc, de farine blanche ainsi que de beurre. Le pain blanc, malgré ce qu’on pourrait penser, est également un aliment dont l’IG est élevé. En le faisant griller, cet IG augmente encore. Le beurre, généralement tartiné sur ce pain, contient une grande quantité de graisses saturées et la confiture qui s’y ajoute est, en grande partie, composée de sucre blanc.</p><p style=\"font-family: arial; font-size: 14px; line-height: 21px; text-align: left; margin-right: 0px; margin-bottom: 0px; margin-left: 0px; padding-top: 16px; padding-bottom: 6px;\">Certains français préfèrent se tourner vers&nbsp;<strong>des céréales industrielles</strong>, réputées moins grasses. Pourtant, elles contiennent une grande proportion de sucre et possèdent un IG très élevé.</p><p style=\"font-family: arial; font-size: 14px; line-height: 21px; text-align: left; margin-right: 0px; margin-bottom: 0px; margin-left: 0px; padding-top: 16px; padding-bottom: 6px;\">Le problème, dans tout ça, c’est que les aliments dont l’Index Glycémique est haut ne sont pas de bons pourvoyeurs de&nbsp;glucides. En effet, ils sont très bien assimilés par l’organisme et les sucres qu’ils contiennent déferlent massivement dans le sang ce qui a pour effet de provoquer la production d’une grande quantité d’insuline par le corps. Cette hormone enclenche la mise en réserve des nutriments dans le sang. Très vite, le sucre est donc capté par les muscles mais aussi en grande partie mis en réserve sous forme de graisse.</p><p style=\"font-family: arial; font-size: 14px; line-height: 21px; text-align: left; margin-right: 0px; margin-bottom: 0px; margin-left: 0px; padding-top: 16px; padding-bottom: 6px;\">L’organisme n’a finalement que peu de temps pour utiliser ces sucres comme énergie. S’en suit d’ailleurs une hypoglycémie réactionnelle, de la fatigue et une sensation de faim. C’est la classique&nbsp;<strong>fringale de milieu de matinée</strong>&nbsp;que connaissent de nombreux français et qui les poussent à se ruer sur le distributeur pour consommer, une nouvelle fois, des aliments à forts IG.</p><img src=\"http://www.musculaction.com/images/560-petit-dejeuner-2.jpg\" alt=\"Distributeur atomatique collation\" width=\"560\" height=\"348\" class=\"img\" style=\"border-width: 0px; margin-top: 14px; margin-bottom: 0px; font-family: Arial, verdana; font-size: medium;\"><span style=\"font-family: Arial, verdana; font-size: medium;\"></span><p style=\"font-family: arial; font-size: 14px; line-height: 21px; text-align: left; margin-right: 0px; margin-bottom: 0px; margin-left: 0px; padding-top: 16px; padding-bottom: 6px;\">Pour résumer, ce genre de petit déjeuner&nbsp;<strong style=\"\">favorise la prise de gras</strong>, d’autant plus qu’il apporte généralement une grande dose de graisses saturées, dont nous avons besoin, mais pas en trop haute quantité. Si votre objectif est de bâtir du muscle efficacement, en restant relativement sec,&nbsp;<strong style=\"\">ces aliments sont à bannir.</strong></p></h5></div>\r\n</div>\r\n<br>\r\n<div class=\"card\">\r\n  <div class=\"card-header\">\r\n    Pour un petit déjeuner de champion</div>\r\n  <div class=\"card-body\">\r\n    <h5 class=\"card-title\"><p style=\"font-family: arial; font-size: 14px; line-height: 21px; text-align: left; margin-right: 0px; margin-bottom: 0px; margin-left: 0px; padding-top: 16px; padding-bottom: 6px;\">Ce dont votre corps a besoin pour bien fonctionner sans faire des réserves de gras superflu c’est, bien évidemment, d’une quantité de calories qui lui correspond, mais aussi&nbsp;<strong style=\"\">des nutriments adéquats.</strong>&nbsp;C’est-à-dire des&nbsp;<font style=\"\">protéines</font>, des glucides dont l’IG est bas, des&nbsp;<a href=\"http://www.musculaction.com/bases_lipides.htm\" style=\"\">lipides</a>&nbsp;insaturés et quelques saturés, mais aussi des vitamines et minéraux.&nbsp;<strong style=\"\">Comment avoir tout cela dans un petit déjeuner ?</strong>&nbsp;C’est facile.</p><p style=\"font-family: arial; font-size: 14px; line-height: 21px; text-align: left; margin-right: 0px; margin-bottom: 0px; margin-left: 0px; padding-top: 16px; padding-bottom: 6px;\">- Pour les&nbsp;<strong>protéines</strong>, il suffit de&nbsp;consommer des oeufs&nbsp;par exemple, comme les anglo-saxons. Ces aliments contiennent en plus de nombreuses vitamines et minéraux ainsi que des lipides. Sinon, si vous le supportez, le fromage blanc 0% peut être une alternative.</p><p style=\"font-family: arial; font-size: 14px; line-height: 21px; text-align: left; margin-right: 0px; margin-bottom: 0px; margin-left: 0px; padding-top: 16px; padding-bottom: 6px;\">- En ce qui concerne les&nbsp;<strong>glucides</strong>, les&nbsp;flocons d’avoine&nbsp;(non cuits), les céréales complètes et le pains complets sont vos alliés. Sans oublier les fruits qui sont de bonnes sources de micronutriments.</p><p style=\"font-family: arial; font-size: 14px; line-height: 21px; text-align: left; margin-right: 0px; margin-bottom: 0px; margin-left: 0px; padding-top: 16px; padding-bottom: 6px;\">- Du côté des&nbsp;<strong style=\"\">lipides</strong>, les&nbsp;<font style=\"\">oléagineux</font>&nbsp;(noix, amandes, etc.) sont de bons aliments, riches en acides gras insaturés. Pensez également aux huiles, notamment pour la cuisson des oeufs.</p><img src=\"http://www.musculaction.com/images/560-petit-dejeuner-3.jpg\" alt=\"Petit déjeuner musclé\" width=\"560\" height=\"295\" class=\"img\" style=\"border-width: 0px; margin-top: 14px; margin-bottom: 0px; font-family: Arial, verdana; font-size: medium;\"><span style=\"font-family: Arial, verdana; font-size: medium;\"></span><br></h5><div><br></div></div>\r\n</div>\r\n<br>\r\n<div class=\"card\">\r\n  <div class=\"card-header\"><b>\r\n    Exemple de petit déjeuner \"musclé\"</b></div>\r\n  <div class=\"card-body\">\r\n    <h5 class=\"card-title\"><p style=\"font-family: arial; font-size: 14px; line-height: 21px; color: rgb(51, 51, 51); text-align: left; margin-right: 0px; margin-bottom: 0px; margin-left: 0px; padding-top: 16px; padding-bottom: 6px;\">Voici&nbsp;<strong>deux exemples</strong>&nbsp;typiques de petit déjeuner de champion :</p><p style=\"font-family: arial; font-size: 14px; line-height: 21px; color: rgb(51, 51, 51); text-align: left; margin-right: 0px; margin-bottom: 0px; margin-left: 0px; padding-top: 16px; padding-bottom: 6px;\">1/ Un bol de muesli composé de flocons d’avoine, d’amandes et de fruits rouges, accompagné d’un bol de fromage blanc 0%.<br>2/ Des oeufs au plat accompagnés de pain complet et d’une banane.</p></h5></div>\r\n</div>');

-- --------------------------------------------------------

--
-- Structure de la table `transaction`
--

CREATE TABLE `transaction` (
  `transactionId` varchar(50) COLLATE utf8mb4_unicode_ci NOT NULL,
  `paymentStatus` varchar(20) COLLATE utf8mb4_unicode_ci NOT NULL,
  `typeAchat` varchar(5) COLLATE utf8mb4_unicode_ci DEFAULT NULL,
  `idUser` int(11) DEFAULT NULL,
  `monthlyPayment` date NOT NULL
) ENGINE=InnoDB DEFAULT CHARSET=utf8mb4 COLLATE=utf8mb4_unicode_ci;

--
-- Déchargement des données de la table `transaction`
--

INSERT INTO `transaction` (`transactionId`, `paymentStatus`, `typeAchat`, `idUser`, `monthlyPayment`) VALUES
('26K488503V0389909', 'COMPLETED', 'abo1', 4, '2020-05-23'),
('2K856466RM1703803', 'COMPLETED', 'abo1', 16, '2020-04-15'),
('35T569272X354373J', 'COMPLETED', 'abo1', NULL, '2020-06-02'),
('537DHUAIS361ND17', 'COMPLETED', 'abo1', NULL, '2020-01-21'),
('537GHUAIS361DF17', 'COMPLETED', 'abo1', 8, '2020-04-30'),
('537GHUAIS3633F18', 'COMPLETED', 'abo1', 4, '2019-09-16'),
('537GHUAIS3633F19', 'COMPLETED', 'abo1', 4, '2019-10-16'),
('537GHUAIS3633F20', 'COMPLETED', 'abo1', 4, '2019-11-16'),
('537GHUAIS3633F21', 'COMPLETED', 'abo1', 4, '2019-12-16'),
('537GHUAIS3633F22', 'COMPLETED', 'abo1', 4, '2020-01-16'),
('537GHUAIS3633F23', 'COMPLETED', 'abo1', 4, '2020-02-16'),
('537GHUAIS3633F24', 'COMPLETED', 'abo1', 4, '2020-03-16'),
('537GHUAIS3633F25', 'COMPLETED', 'abo1', 4, '2020-04-16'),
('65F95525E41283122', 'COMPLETED', 'abo1', 4, '2020-05-23'),
('7TX09309X6292815N', 'COMPLETED', 'abo1', 4, '2020-04-16'),
('8H306525AG3117506', 'COMPLETED', 'abo1', 4, '2020-05-23'),
('8M570121E04355709', 'COMPLETED', 'abo1', 4, '2020-05-23'),
('90302048M0069494B', 'COMPLETED', 'abo1', 4, '2020-05-23');

-- --------------------------------------------------------

--
-- Structure de la table `utilisateurs`
--

CREATE TABLE `utilisateurs` (
  `id` int(11) NOT NULL,
  `pseudo` varchar(20) NOT NULL,
  `email` varchar(50) NOT NULL DEFAULT '-',
  `password` text NOT NULL,
  `accountType` int(11) NOT NULL DEFAULT 2
) ENGINE=InnoDB DEFAULT CHARSET=utf8mb4;

--
-- Déchargement des données de la table `utilisateurs`
--

INSERT INTO `utilisateurs` (`id`, `pseudo`, `email`, `password`, `accountType`) VALUES
(4, 'Yannis', 'yannis.teissier70@gmail.com', '$2y$12$0oUV3866TpW1R6d.hMJBLekjJoVwOVX69000kpDshyCz5hMaDdAq6', 1),
(8, 'Jino', '-', '$2y$12$COohuQITYh7WBwMWtuR3Nef7/pbXWv1fV8sE72LuJTTabojTrpYIi', 2),
(15, 'test', '-', '$2y$12$yZI2Do9snvhE1l5l9UcXw.eFpWorq.f6OHcQVtS44UZgTGsBzqDXi', 3),
(16, 'admin', '-', '$2y$12$xudRbqmkxPvsC2G6uCLvAOQT1i0KlogeYw/Y1x7gbUrgf0j51XjcC', 3),
(17, 'tartouf', 'email@tartouf.fr', '$2y$12$RBxUwDhA4TsPHSatwEQS/O7aiG4solyF6nM4nL9bMukJCvNlWHw5e', 2);

--
-- Index pour les tables déchargées
--

--
-- Index pour la table `abonnement`
--
ALTER TABLE `abonnement`
  ADD PRIMARY KEY (`idAbonnement`),
  ADD KEY `idUtilisateur` (`idUtilisateur`);

--
-- Index pour la table `commentaires`
--
ALTER TABLE `commentaires`
  ADD PRIMARY KEY (`idCommentaire`),
  ADD KEY `redacteurCommentaire` (`redacteurCommentaire`);

--
-- Index pour la table `mvc_inscrit`
--
ALTER TABLE `mvc_inscrit`
  ADD PRIMARY KEY (`idInscrit`);

--
-- Index pour la table `rubrique`
--
ALTER TABLE `rubrique`
  ADD PRIMARY KEY (`idRubrique`);

--
-- Index pour la table `sousRubrique`
--
ALTER TABLE `sousRubrique`
  ADD PRIMARY KEY (`idSousRubrique`),
  ADD KEY `idRubrique` (`idRubrique`);

--
-- Index pour la table `transaction`
--
ALTER TABLE `transaction`
  ADD PRIMARY KEY (`transactionId`),
  ADD KEY `idUser` (`idUser`);

--
-- Index pour la table `utilisateurs`
--
ALTER TABLE `utilisateurs`
  ADD PRIMARY KEY (`id`),
  ADD UNIQUE KEY `id` (`id`),
  ADD UNIQUE KEY `pseudo` (`pseudo`);

--
-- AUTO_INCREMENT pour les tables déchargées
--

--
-- AUTO_INCREMENT pour la table `abonnement`
--
ALTER TABLE `abonnement`
  MODIFY `idAbonnement` int(11) NOT NULL AUTO_INCREMENT, AUTO_INCREMENT=34;

--
-- AUTO_INCREMENT pour la table `commentaires`
--
ALTER TABLE `commentaires`
  MODIFY `idCommentaire` int(11) NOT NULL AUTO_INCREMENT, AUTO_INCREMENT=139;

--
-- AUTO_INCREMENT pour la table `mvc_inscrit`
--
ALTER TABLE `mvc_inscrit`
  MODIFY `idInscrit` int(11) NOT NULL AUTO_INCREMENT, AUTO_INCREMENT=237;

--
-- AUTO_INCREMENT pour la table `rubrique`
--
ALTER TABLE `rubrique`
  MODIFY `idRubrique` int(11) NOT NULL AUTO_INCREMENT, AUTO_INCREMENT=45;

--
-- AUTO_INCREMENT pour la table `sousRubrique`
--
ALTER TABLE `sousRubrique`
  MODIFY `idSousRubrique` int(11) NOT NULL AUTO_INCREMENT, AUTO_INCREMENT=24;

--
-- AUTO_INCREMENT pour la table `utilisateurs`
--
ALTER TABLE `utilisateurs`
  MODIFY `id` int(11) NOT NULL AUTO_INCREMENT, AUTO_INCREMENT=24;

--
-- Contraintes pour les tables déchargées
--

--
-- Contraintes pour la table `abonnement`
--
ALTER TABLE `abonnement`
  ADD CONSTRAINT `abonnement_ibfk_1` FOREIGN KEY (`idUtilisateur`) REFERENCES `utilisateurs` (`id`);

--
-- Contraintes pour la table `commentaires`
--
ALTER TABLE `commentaires`
  ADD CONSTRAINT `commentaires_ibfk_1` FOREIGN KEY (`redacteurCommentaire`) REFERENCES `utilisateurs` (`pseudo`);

--
-- Contraintes pour la table `sousRubrique`
--
ALTER TABLE `sousRubrique`
  ADD CONSTRAINT `sousRubrique_ibfk_1` FOREIGN KEY (`idRubrique`) REFERENCES `rubrique` (`idRubrique`);

--
-- Contraintes pour la table `transaction`
--
ALTER TABLE `transaction`
  ADD CONSTRAINT `transaction_ibfk_1` FOREIGN KEY (`idUser`) REFERENCES `utilisateurs` (`id`) ON DELETE SET NULL ON UPDATE NO ACTION;
COMMIT;

/*!40101 SET CHARACTER_SET_CLIENT=@OLD_CHARACTER_SET_CLIENT */;
/*!40101 SET CHARACTER_SET_RESULTS=@OLD_CHARACTER_SET_RESULTS */;
/*!40101 SET COLLATION_CONNECTION=@OLD_COLLATION_CONNECTION */;
